zip,ev_2025,ev_2021,station_count,l2_ports,dcfc_ports,total_ports,total_ports_2021,city
90001,561,99,0,0,0,0,0,
90002,566,89,3,5,2,7,1,Los Angeles
90003,691,81,3,3,0,3,0,Los Angeles
90004,2718,738,15,107,0,107,25,Los Angeles
90005,1824,327,19,105,0,105,29,Los Angeles
90006,1203,193,10,39,0,39,20,Los Angeles
90007,714,121,49,157,0,157,46,Los Angeles
90008,1508,355,10,10,0,10,0,Los Angeles
90009,24,8,0,0,0,0,0,
90010,726,162,8,47,6,53,36,Los Angeles
90011,899,124,8,20,0,20,0,Los Angeles
90012,2652,977,63,449,40,489,230,Los Angeles
90013,723,221,14,81,2,83,4,Los Angeles
90014,483,181,29,76,0,76,5,Los Angeles
90015,1512,389,76,267,12,279,41,Los Angeles
90016,2051,434,21,33,3,36,6,Los Angeles
90017,1417,375,43,100,1,101,23,Los Angeles
90018,1360,312,9,14,0,14,0,Los Angeles
90019,3036,780,11,26,1,27,3,Los Angeles
90020,1512,387,8,56,10,66,2,Los Angeles
90021,381,112,13,48,44,92,30,Los Angeles
90022,799,135,1,0,6,6,0,Los Angeles
90023,506,112,1,2,0,2,0,Los Angeles
90024,3195,1102,19,61,0,61,49,Los Angeles
90025,4128,1247,115,533,27,560,365,Los Angeles
90026,2891,977,20,46,2,48,13,Los Angeles
90027,3074,1072,20,122,26,148,38,Los Angeles
90028,1955,431,83,291,36,327,99,Los Angeles
90029,945,227,17,46,0,46,16,Los Angeles
90030,0,0,1,7,0,7,0,Los Angeles
90031,1261,278,7,5,16,21,1,Los Angeles
90032,1437,388,42,120,22,142,0,Los Angeles
90033,542,103,36,153,14,167,2,Los Angeles
90034,3692,997,36,82,46,128,35,Los Angeles
90035,2685,658,24,50,0,50,19,Los Angeles
90036,3284,860,29,135,0,135,30,Los Angeles
90037,652,105,9,16,2,18,1,Los Angeles
90038,1325,288,62,403,83,486,207,Los Angeles
90039,2409,894,42,88,2,90,5,Los Angeles
90040,368,97,3,2,60,62,2,Commerce
90041,1835,611,17,21,0,21,2,Los Angeles
90042,2721,830,19,230,8,238,135,Los Angeles
90043,1982,440,7,9,0,9,0,Los Angeles
90044,1114,158,12,41,5,46,22,Los Angeles
90045,14524,1158,79,424,15,439,160,Los Angeles
90046,4662,1622,50,359,10,369,132,West Hollywood
90047,1422,245,8,7,8,15,4,Los Angeles
90048,2423,710,44,212,16,228,71,Los Angeles
90049,5801,2154,35,190,4,194,95,Los Angeles
90050,2,0,0,0,0,0,0,
90051,5,3,0,0,0,0,0,
90053,4,1,0,0,0,0,0,
90054,3,0,0,0,0,0,0,
90055,1,1,0,0,0,0,0,
90056,849,266,5,15,0,15,8,Los Angeles
90057,769,183,6,58,0,58,40,Los Angeles
90058,223,74,24,4,41,45,0,Vernon
90059,569,89,4,11,8,19,4,Los Angeles
90061,437,63,5,5,0,5,2,Los Angeles
90062,687,110,1,1,0,1,0,Los Angeles
90063,1331,326,1,4,0,4,4,Los Angeles
90064,3716,1149,51,149,22,171,41,Los Angeles
90065,2858,928,9,23,0,23,2,Los Angeles
90066,4951,1589,22,146,12,158,12,Los Angeles
90067,925,356,85,348,3,351,30,Los Angeles
90068,2792,1078,66,167,1,168,31,Los Angeles
90069,2466,851,35,74,8,82,38,West Hollywood
90070,1,0,0,0,0,0,0,
90071,46,30,53,119,4,123,30,Los Angeles
90072,1,0,0,0,0,0,0,
90073,5,0,0,0,0,0,0,
90074,1,0,0,0,0,0,0,
90075,3,1,0,0,0,0,0,
90076,1,2,0,0,0,0,0,
90077,1867,686,6,85,0,85,5,Los Angeles
90078,13,5,0,0,0,0,0,
90079,0,1,0,0,0,0,0,
90080,1,0,0,0,0,0,0,
90081,1,0,0,0,0,0,0,
90082,1,0,0,0,0,0,0,
90083,3,1,0,0,0,0,0,
90086,12,2,0,0,0,0,0,
90089,26,17,12,59,0,59,0,Los Angeles
90091,0,1,0,0,0,0,0,
90093,6,7,0,0,0,0,0,
90094,1572,557,21,37,15,52,25,Los Angeles
90095,147,42,5,41,6,47,47,Los Angeles
90201,1316,190,4,0,4,4,0,Bell
90202,0,1,0,0,0,0,0,
90203,0,1,0,0,0,0,0,
90204,1,0,0,0,0,0,0,
90209,36,64,0,0,0,0,0,
90210,3759,1371,53,100,0,100,37,Beverly Hills
90211,1282,382,4,7,0,7,0,Beverly Hills
90212,1731,513,18,54,0,54,14,Beverly Hills
90213,26,5,0,0,0,0,0,
90220,884,157,4,6,4,10,4,Compton
90221,655,117,12,20,2,22,0,Compton
90222,410,63,0,0,0,0,0,
90223,5,2,0,0,0,0,0,
90224,1,2,0,0,0,0,0,
90230,2458,775,34,71,29,100,45,Culver City
90231,14,5,0,0,0,0,0,
90232,1629,571,65,208,17,225,39,Culver City
90236,1,0,0,0,0,0,0,
90237,1,0,0,0,0,0,0,
90239,11,4,0,0,0,0,0,
90240,1377,342,3,2,20,22,12,Downey
90241,1770,447,22,43,19,62,42,Downey
90242,1241,268,8,80,6,86,86,Downey
90245,1562,549,61,162,4,166,48,El Segundo
90247,1551,343,8,45,11,56,6,Gardena
90248,672,215,21,35,32,67,0,Carson
90249,1115,236,2,30,0,30,2,Gardena
90250,3212,846,21,40,41,81,50,Hawthorne
90251,15,0,0,0,0,0,0,
90254,2426,997,6,30,28,58,30,Hermosa Beach
90255,829,154,2,0,18,18,0,Huntington Park
90256,0,1,0,0,0,0,0,
90260,1069,246,2,2,8,10,0,Lawndale
90262,849,149,4,8,0,8,6,Lynwood
90263,13,0,6,12,0,12,2,Malibu
90264,23,10,0,0,0,0,0,
90265,1786,874,58,140,40,180,23,Malibu
90266,5316,2437,38,89,38,127,91,Manhattan Beach
90267,21,10,0,0,0,0,0,
90269,0,1,0,0,0,0,0,
90270,288,46,0,0,0,0,0,
90272,2424,1703,9,23,10,33,16,Pacific Palisades
90274,4128,1669,8,22,5,27,10,Rolling Hills Estates
90275,5706,2033,6,12,0,12,4,Rancho Palos Verdes
90277,3484,1298,8,14,6,20,2,Redondo Beach
90278,4326,1577,7,7,13,20,9,Redondo Beach
90279,1,0,0,0,0,0,0,
90280,1488,252,5,6,15,21,5,South Gate
90290,850,381,1,2,0,2,0,Topanga
90291,2717,1071,9,42,2,44,32,Los Angeles
90292,3111,1067,19,194,18,212,74,Marina Del Rey
90293,1167,413,3,3,0,3,1,Los Angeles
90294,15,13,0,0,0,0,0,
90295,24,13,0,0,0,0,0,
90296,3,3,0,0,0,0,0,
90301,5137,150,26,38,64,102,4,Inglewood
90302,857,197,0,0,0,0,0,
90303,590,79,6,20,52,72,0,Inglewood
90304,493,86,2,4,0,4,2,Inglewood
90305,768,155,10,19,0,19,0,Inglewood
90308,3,1,0,0,0,0,0,
90309,3,0,0,0,0,0,0,
90323,2,2,0,0,0,0,0,
90401,1420,281,99,171,57,228,79,Santa Monica
90402,1986,899,3,5,0,5,5,Santa Monica
90403,2421,892,17,57,4,61,42,Santa Monica
90404,1601,513,52,111,96,207,29,Santa Monica
90405,2935,1145,69,203,0,203,30,Santa Monica
90406,30,9,0,0,0,0,0,
90408,14,4,0,0,0,0,0,
90409,17,7,0,0,0,0,0,
90480,0,1,0,0,0,0,0,
90485,1,0,0,0,0,0,0,
90501,2619,850,60,140,6,146,33,Torrance
90502,916,223,20,97,0,97,8,Torrance
90503,3454,1018,49,82,52,134,20,Torrance
90504,1978,593,9,12,6,18,0,Torrance
90505,2826,880,31,63,20,83,9,Torrance
90506,2,2,0,0,0,0,0,
90507,1,0,0,0,0,0,0,
90508,2,0,0,0,0,0,0,
90509,2,2,0,0,0,0,0,
90510,6,5,0,0,0,0,0,
90601,1565,448,13,52,7,59,33,Whittier
90602,993,193,1,2,0,2,2,Whittier
90603,994,268,2,0,26,26,0,Whittier
90604,1328,326,5,10,0,10,2,Whittier
90605,1213,311,1,0,1,1,0,Whittier
90606,764,192,6,4,20,24,0,Whittier
90607,6,5,0,0,0,0,0,
90608,10,3,0,0,0,0,0,
90609,8,2,0,0,0,0,0,
90610,2,0,0,0,0,0,0,
90620,2574,633,6,4,36,40,8,Buena Park
90621,2568,542,12,23,45,68,36,Buena Park
90622,2,2,0,0,0,0,0,
90623,1370,385,0,0,0,0,0,
90626,0,1,0,0,0,0,0,
90630,4099,1053,56,91,12,103,0,Cypress
90631,3654,857,12,17,4,21,1,La Habra
90632,6,5,0,0,0,0,0,
90633,4,1,0,0,0,0,0,
90637,6,3,0,0,0,0,0,
90638,2719,658,27,50,4,54,7,La Mirada
90639,6,0,0,0,0,0,0,
90640,2069,471,31,76,72,148,23,Montebello
90650,2743,653,16,39,22,61,3,Norwalk
90651,2,2,0,0,0,0,0,
90652,2,0,0,0,0,0,0,
90653,0,1,0,0,0,0,0,
90660,1447,282,4,71,8,79,0,Pico Rivera
90662,2,1,0,0,0,0,0,
90670,859,306,11,21,14,35,0,Santa Fe Springs
90677,0,1,0,0,0,0,0,
90680,1267,227,9,6,25,31,0,Stanton
90701,752,165,1,12,0,12,0,Artesia
90702,3,0,0,0,0,0,0,
90703,4971,1518,26,51,24,75,24,Cerritos
90704,39,31,0,0,0,0,0,
90705,0,1,0,0,0,0,0,
90706,2049,461,22,36,19,55,2,Bellflower
90707,8,1,0,0,0,0,0,
90710,1113,258,4,23,0,23,0,Los Angeles
90712,1586,453,7,19,8,27,5,Lakewood
90713,1263,355,4,4,20,24,0,Lakewood
90714,6,1,0,0,0,0,0,
90715,746,172,2,4,0,4,2,Hawaiian Gardens
90716,234,47,3,3,44,47,3,Hawaiian Gardens
90717,894,287,5,17,0,17,0,Lomita
90720,2110,776,12,25,20,45,0,Los Alamitos
90721,1,0,0,0,0,0,0,
90723,892,199,20,93,0,93,4,Paramount
90731,1792,559,28,49,0,49,19,Los Angeles
90732,1436,344,3,5,2,7,3,Los Angeles
90733,7,4,0,0,0,0,0,
90734,6,4,0,0,0,0,0,
90740,1710,684,12,18,12,30,7,Seal Beach
90742,92,37,0,0,0,0,0,
90743,56,20,0,0,0,0,0,
90744,714,119,7,9,14,23,2,Wilmington
90745,2030,388,35,81,32,113,16,Carson
90746,1339,285,37,66,2,68,2,Carson
90747,10,0,0,0,0,0,0,
90748,5,1,0,0,0,0,0,
90749,7,1,0,0,0,0,0,
90755,854,321,13,19,29,48,5,Signal Hill
90760,1,0,0,0,0,0,0,
90801,13,2,0,0,0,0,0,
90802,1744,493,107,228,28,256,35,Long Beach
90803,2398,1058,23,30,26,56,10,Long Beach
90804,977,322,1,0,4,4,0,Long Beach
90805,1911,408,9,76,17,93,3,Long Beach
90806,1266,370,10,14,8,22,0,Long Beach
90807,1966,695,1,2,0,2,2,Long Beach
90808,2582,898,19,43,4,47,6,Long Beach
90809,11,1,0,0,0,0,0,
90810,756,139,12,20,0,20,2,Carson
90812,0,1,0,0,0,0,0,
90813,647,166,19,26,18,44,0,Long Beach
90814,1101,459,0,0,0,0,0,
90815,2408,875,6,13,14,27,0,Long Beach
90831,2,0,0,0,0,0,0,
90832,1,0,0,0,0,0,0,
90840,1,0,2,4,0,4,4,Long Beach
90846,0,0,8,16,0,16,10,Long Beach
90853,7,2,0,0,0,0,0,
90895,2,1,0,0,0,0,0,
91001,2151,1125,0,0,0,0,0,
91002,1,0,0,0,0,0,0,
91003,2,1,0,0,0,0,0,
91005,0,1,0,0,0,0,0,
91006,3970,1149,11,15,7,22,7,Arcadia
91007,3179,850,14,28,6,34,18,Arcadia
91008,152,58,0,0,0,0,0,
91009,6,3,0,0,0,0,0,
91010,1176,273,4,11,30,41,1,Duarte
91011,3477,1210,9,13,0,13,0,La Cañada Flintridge
91012,22,12,0,0,0,0,0,
91016,2553,782,17,29,13,42,4,Monrovia
91017,13,6,0,0,0,0,0,
91020,569,147,0,0,0,0,0,
91021,11,2,0,0,0,0,0,
91024,1050,386,0,0,0,0,0,
91025,17,4,0,0,0,0,0,
91030,2642,893,12,14,19,33,2,South Pasadena
91031,24,14,0,0,0,0,0,
91037,1,0,0,0,0,0,0,
91040,1829,414,1,1,0,1,0,Los Angeles
91041,3,3,0,0,0,0,0,
91042,2187,404,6,8,0,8,1,Tujunga
91043,3,2,0,0,0,0,0,
91046,9,1,0,0,0,0,0,
91066,27,9,0,0,0,0,0,
91077,3,5,0,0,0,0,0,
91101,1486,460,27,85,40,125,99,Pasadena
91102,12,5,0,0,0,0,0,
91103,1534,471,5,51,9,60,29,Pasadena
91104,2443,740,2,12,0,12,0,Pasadena
91105,1861,725,18,87,50,137,79,Pasadena
91106,1872,599,4,2,26,28,2,Pasadena
91107,3218,1046,27,87,52,139,2,Pasadena
91108,2213,811,1,4,0,4,0,San Marino
91109,74,8,0,0,0,0,0,
91114,5,1,0,0,0,0,0,
91115,3,3,0,0,0,0,0,
91116,11,2,0,0,0,0,0,
91117,7,3,0,0,0,0,0,
91118,20,8,0,0,0,0,0,
91124,2,0,1,3,0,3,0,Pasadena
91125,6,1,2,107,8,115,115,Pasadena
91126,3,0,0,0,0,0,0,
91141,0,1,0,0,0,0,0,
91201,1855,407,7,14,0,14,0,Glendale
91202,1925,469,2,24,0,24,4,Glendale
91203,1382,260,19,51,0,51,16,Glendale
91204,1225,213,9,39,3,42,3,Glendale
91205,2027,419,9,17,3,20,4,Glendale
91206,2843,696,3,24,32,56,0,Glendale
91207,1141,323,0,0,0,0,0,
91208,1868,520,12,19,0,19,2,Glendale
91209,11,10,0,0,0,0,0,
91210,47,20,3,4,20,24,20,Glendale
91211,0,1,0,0,0,0,0,
91214,3260,766,2,3,3,6,6,La Crescenta
91217,1,1,0,0,0,0,0,
91221,10,6,0,0,0,0,0,
91222,2,2,0,0,0,0,0,
91224,2,2,0,0,0,0,0,
91225,1,1,0,0,0,0,0,
91226,5,1,0,0,0,0,0,
91231,1,0,0,0,0,0,0,
91248,0,1,0,0,0,0,0,
91300,1,0,0,0,0,0,0,
91301,3164,936,17,69,41,110,6,Agoura Hills
91302,4623,1443,12,19,31,50,5,Calabasas
91303,1234,207,28,82,14,96,10,Los Angeles
91304,3106,677,5,8,0,8,2,Los Angeles
91305,1,0,0,0,0,0,0,
91306,2381,445,5,18,0,18,1,Los Angeles
91307,3052,757,6,14,0,14,3,West Hills
91308,8,6,0,0,0,0,0,
91309,5,2,0,0,0,0,0,
91310,3,0,0,0,0,0,0,
91311,3632,824,27,49,8,57,16,Chatsworth
91313,10,3,0,0,0,0,0,
91316,3027,850,15,24,4,28,5,Los Angeles
91319,12,2,0,0,0,0,0,
91320,3924,1198,13,19,8,27,10,Thousand Oaks
91321,1659,461,7,11,16,27,0,Santa Clarita
91324,2017,483,13,17,32,49,2,Northridge
91325,2456,598,20,47,4,51,2,Northridge
91326,6106,1657,8,17,0,17,1,Los Angeles
91327,13,5,0,0,0,0,0,
91328,9,2,0,0,0,0,0,
91330,10,2,8,23,0,23,23,Northridge
91331,2112,354,9,7,10,17,2,Los Angeles
91333,6,2,0,0,0,0,0,
91334,3,0,0,0,0,0,0,
91335,3379,639,10,32,0,32,3,Los Angeles
91337,6,1,0,0,0,0,0,
91340,736,160,13,22,36,58,12,San Fernando
91341,1,1,0,0,0,0,0,
91342,3654,725,13,60,4,64,16,Sylmar
91343,2799,597,10,29,0,29,3,Los Angeles
91344,4740,1106,5,4,24,28,25,Granada Hills
91345,753,140,8,23,0,23,20,Mission Hills
91346,3,1,0,0,0,0,0,
91350,4296,1113,10,28,4,32,2,Santa Clarita
91351,1781,420,9,11,1,12,0,Santa Clarita
91352,1905,323,8,57,0,57,1,Los Angeles
91353,2,2,0,0,0,0,0,
91354,3836,1181,0,0,0,0,0,
91355,2682,850,43,71,90,161,48,Santa Clarita
91356,3677,959,25,50,0,50,20,Los Angeles
91357,22,5,0,0,0,0,0,
91358,3,0,0,0,0,0,0,
91359,22,5,0,0,0,0,0,
91360,2970,825,18,138,36,174,34,Thousand Oaks
91361,2789,867,23,43,4,47,18,Westlake Village
91362,4353,1344,36,95,27,122,43,Thousand Oaks
91364,3759,977,7,68,0,68,1,Woodland Hills
91365,24,7,0,0,0,0,0,
91367,4935,1057,45,90,10,100,22,Los Angeles
91372,29,11,0,0,0,0,0,
91376,21,7,0,0,0,0,0,
91377,1850,517,1,14,0,14,0,Oak Park
91380,31,6,0,0,0,0,0,
91381,3725,854,1,0,4,4,0,Stevenson Ranch
91382,1,0,0,0,0,0,0,
91384,1553,448,1,0,12,12,0,Castaic
91385,8,3,0,0,0,0,0,
91386,6,2,0,0,0,0,0,
91387,3307,868,6,8,2,10,0,Santa Clarita
91390,1487,432,0,0,0,0,0,
91392,4,2,0,0,0,0,0,
91393,4,0,0,0,0,0,0,
91394,16,0,0,0,0,0,0,
91395,0,1,0,0,0,0,0,
91396,3,0,0,0,0,0,0,
91401,2918,679,6,14,9,23,3,Sherman Oaks
91402,1826,282,13,76,0,76,29,Panorama City
91403,3170,1004,12,20,41,61,0,Los Angeles
91404,1,0,0,0,0,0,0,
91405,2970,949,60,236,7,243,48,Los Angeles
91406,2756,668,17,42,8,50,13,Van Nuys
91408,1,1,0,0,0,0,0,
91409,14,4,0,0,0,0,0,
91411,1309,394,13,59,6,65,17,Los Angeles
91412,2,0,0,0,0,0,0,
91413,28,13,0,0,0,0,0,
91416,19,3,0,0,0,0,0,
91423,3477,1063,19,31,4,35,2,Los Angeles
91424,1,0,0,0,0,0,0,
91426,23,12,0,0,0,0,0,
91436,3272,1204,11,44,1,45,10,Los Angeles
91501,1798,398,0,0,0,0,0,
91502,710,191,49,89,32,121,45,Burbank
91503,12,2,0,0,0,0,0,
91504,2269,501,9,19,8,27,9,Burbank
91505,2310,686,37,63,9,72,19,Burbank
91506,1450,418,10,15,24,39,3,Burbank
91507,3,1,0,0,0,0,0,
91508,3,0,0,0,0,0,0,
91510,28,13,0,0,0,0,0,
91521,4,1,0,0,0,0,0,
91522,0,0,1,1,0,1,0,Burbank
91523,0,0,2,4,0,4,0,Burbank
91538,0,1,0,0,0,0,0,
91564,1,0,0,0,0,0,0,
91601,2278,573,23,149,0,149,14,Los Angeles
91602,1816,591,29,75,0,75,12,Universal City
91603,4,2,0,0,0,0,0,
91604,4069,1353,18,207,0,207,78,Los Angeles
91605,2436,404,9,25,4,29,10,Los Angeles
91606,2152,427,44,81,0,81,2,Los Angeles
91607,2485,622,7,31,8,39,10,Los Angeles
91608,5,4,43,96,14,110,30,Universal City
91609,7,0,0,0,0,0,0,
91610,8,4,0,0,0,0,0,
91614,8,5,0,0,0,0,0,
91615,7,0,0,0,0,0,0,
91616,2,0,0,0,0,0,0,
91617,2,2,0,0,0,0,0,
91623,1,0,0,0,0,0,0,
91632,0,1,0,0,0,0,0,
91701,2225,568,2,4,0,4,0,Rancho Cucamonga
91702,2313,633,11,20,17,37,5,Azusa
91706,2223,499,6,27,32,59,13,Baldwin Park
91708,2483,343,9,10,20,30,0,Chino
91709,8930,2198,21,53,38,91,5,Chino Hills
91710,4442,1142,6,4,32,36,2,Chino
91711,2859,961,33,62,4,66,14,Claremont
91715,17,10,0,0,0,0,0,
91720,0,1,0,0,0,0,0,
91722,1365,309,3,2,20,22,0,Covina
91723,880,196,16,21,31,52,6,Covina
91724,1387,361,1,2,0,2,0,Covina
91726,0,1,0,0,0,0,0,
91729,42,12,0,0,0,0,0,
91730,3411,781,21,27,9,36,11,Rancho Cucamonga
91731,988,234,15,23,5,28,5,El Monte
91732,2066,451,10,15,22,37,0,El Monte
91733,1341,320,2,2,4,6,0,South El Monte
91734,3,3,0,0,0,0,0,
91736,0,1,0,0,0,0,0,
91737,1906,509,1,4,0,4,0,Rancho Cucamonga
91739,4015,1019,4,2,21,23,13,Rancho Cucamonga
91740,1177,349,10,21,1,22,0,Glendora
91741,1908,605,11,18,8,26,2,Glendora
91743,7,1,0,0,0,0,0,
91744,2277,398,8,16,4,20,4,City of Industry
91745,4235,1058,4,2,14,16,0,Hacienda Heights
91746,899,210,40,89,4,93,6,City of Industry
91747,8,1,0,0,0,0,0,
91748,4105,1021,10,7,48,55,13,City of Industry
91750,2022,640,10,16,16,32,0,La Verne
91752,1968,449,4,6,17,23,0,Eastvale
91754,2435,649,8,34,5,39,2,Monterey Park
91755,1849,439,1,4,0,4,0,Monterey Park
91758,1,0,0,0,0,0,0,
91759,16,7,0,0,0,0,0,
91760,0,2,0,0,0,0,0,
91761,3908,702,88,188,28,216,32,Ontario
91762,2966,489,3,15,0,15,0,Ontario
91763,1112,282,6,12,5,17,5,Montclair
91764,1418,311,31,93,81,174,20,Ontario
91765,5694,1653,51,85,35,120,4,Diamond Bar
91766,2217,527,8,65,50,115,0,Pomona
91767,1392,296,17,41,2,43,1,Pomona
91768,838,210,8,43,1,44,40,Pomona
91769,17,5,0,0,0,0,0,
91770,4341,882,9,22,10,32,10,Rosemead
91773,2171,615,17,40,6,46,17,San Dimas
91774,0,1,0,0,0,0,0,
91775,2155,612,1,0,6,6,0,San Gabriel
91776,2416,564,8,18,43,61,20,San Gabriel
91778,14,10,0,0,0,0,0,
91780,3126,874,4,8,0,8,2,Temple City
91784,2566,722,0,0,0,0,0,
91785,16,3,0,0,0,0,0,
91786,2124,538,6,7,68,75,2,Upland
91788,27,9,0,0,0,0,0,
91789,5445,1480,78,148,20,168,8,Walnut
91790,2335,498,9,70,8,78,2,West Covina
91791,2492,658,4,5,62,67,0,West Covina
91792,1532,339,1,2,0,2,2,West Covina
91793,14,7,0,0,0,0,0,
91801,3001,777,7,26,12,38,4,Alhambra
91802,38,16,0,0,0,0,0,
91803,1859,520,2,0,28,28,0,Alhambra
91806,0,1,0,0,0,0,0,
91816,1,0,0,0,0,0,0,
91822,1,0,0,0,0,0,0,
91901,724,179,5,14,22,36,8,Alpine
91902,1171,275,0,0,0,0,0,
91903,13,5,0,0,0,0,0,
91905,40,7,0,0,0,0,0,
91906,94,24,6,10,0,10,0,Campo
91908,9,0,0,0,0,0,0,
91909,4,2,0,0,0,0,0,
91910,2831,613,22,67,26,93,6,Chula Vista
91911,2303,332,21,29,12,41,10,Chula Vista
91912,30,11,0,0,0,0,0,
91913,4654,806,3,9,0,9,0,Chula Vista
91914,1676,408,6,16,32,48,18,Chula Vista
91915,2923,535,8,16,16,32,4,Chula Vista
91916,53,13,0,0,0,0,0,
91917,25,10,0,0,0,0,0,
91921,18,6,0,0,0,0,0,
91931,9,1,1,2,0,2,0,Guatay
91932,557,123,6,12,0,12,2,Imperial Beach
91933,4,0,0,0,0,0,0,
91934,17,4,1,0,12,12,0,Jacumba Hot Springs
91935,640,166,1,8,0,8,0,Jamul
91941,2023,600,0,0,0,0,0,
91942,1605,356,10,24,12,36,6,La Mesa
91943,2,1,1,3,0,3,3,La Mesa
91944,10,2,0,0,0,0,0,
91945,830,142,6,9,8,17,1,Lemon Grove
91946,4,0,0,0,0,0,0,
91948,2,2,0,0,0,0,0,
91950,1094,145,28,42,12,54,5,National City
91951,9,1,0,0,0,0,0,
91962,96,13,0,0,0,0,0,
91963,15,4,0,0,0,0,0,
91976,2,3,0,0,0,0,0,
91977,2061,338,2,4,0,4,0,Spring Valley
91978,557,75,0,0,0,0,0,
91979,9,3,0,0,0,0,0,
91980,28,1,0,0,0,0,0,
92003,449,120,0,0,0,0,0,
92004,86,25,5,6,6,12,0,Borrego Springs
92005,1,0,0,0,0,0,0,
92007,1087,353,4,7,0,7,0,Cardiff by the Sea
92008,2402,705,25,95,35,130,11,Carlsbad
92009,5348,1705,18,30,26,56,35,Carlsbad
92010,1777,520,15,30,0,30,3,Carlsbad
92011,2782,830,8,21,0,21,7,Carlsbad
92013,23,10,0,0,0,0,0,
92014,2199,837,11,18,1,19,13,Del Mar
92018,39,11,0,0,0,0,0,
92019,2680,423,11,37,0,37,0,El Cajon
92020,2188,411,38,63,25,88,8,El Cajon
92021,2036,330,29,51,29,80,7,El Cajon
92022,12,1,0,0,0,0,0,
92023,37,12,0,0,0,0,0,
92024,5477,1937,22,32,40,72,5,Encinitas
92025,1913,480,21,34,29,63,5,Escondido
92026,2718,685,13,53,12,65,4,Escondido
92027,2006,498,7,35,16,51,2,Escondido
92028,2982,709,18,28,11,39,4,Fallbrook
92029,2078,544,15,27,0,27,7,Escondido
92030,11,4,0,0,0,0,0,
92033,5,1,0,0,0,0,0,
92034,0,1,0,0,0,0,0,
92036,110,30,5,2,4,6,2,Julian
92037,4798,1772,93,478,38,516,59,San Diego
92038,43,14,0,0,0,0,0,
92039,14,6,0,0,0,0,0,
92040,1276,295,15,27,12,39,6,Lakeside
92046,18,6,0,0,0,0,0,
92049,6,4,0,0,0,0,0,
92051,5,2,0,0,0,0,0,
92052,9,3,0,0,0,0,0,
92054,1656,460,36,53,66,119,10,Oceanside
92055,21,9,0,0,0,0,0,
92056,3008,731,22,44,4,48,7,Oceanside
92057,2869,759,4,4,20,24,0,Oceanside
92058,1166,251,2,2,8,10,0,Oceanside
92059,66,18,0,0,0,0,0,
92060,12,5,0,0,0,0,0,
92061,106,35,4,18,10,28,0,Pauma Valley
92064,4712,1230,8,10,11,21,4,Poway
92065,1478,421,7,10,14,24,6,Ramona
92066,6,0,0,0,0,0,0,
92067,2071,837,5,10,0,10,2,Rancho Santa Fe
92068,6,1,0,0,0,0,0,
92069,2651,614,11,24,24,48,4,San Marcos
92070,18,5,3,4,8,12,2,Santa Ysabel
92071,2557,531,26,68,11,79,30,Santee
92072,13,1,0,0,0,0,0,
92073,1,0,0,0,0,0,0,
92074,13,4,0,0,0,0,0,
92075,1513,551,36,75,8,83,26,Solana Beach
92077,1,0,0,0,0,0,0,
92078,4566,1240,22,37,2,39,14,San Marcos
92079,17,6,0,0,0,0,0,
92081,1800,450,18,37,37,74,8,Vista
92082,1283,302,9,32,12,44,0,Valley Center
92083,1062,266,9,18,30,48,2,Vista
92084,1962,483,9,21,22,43,0,Vista
92085,12,5,0,0,0,0,0,
92086,38,14,0,0,0,0,0,
92088,11,6,0,0,0,0,0,
92091,336,114,0,0,0,0,0,
92092,81,8,0,0,0,0,0,
92093,81,63,15,249,2,251,7,La Jolla
92096,1,0,0,0,0,0,0,
92101,4293,901,265,569,34,603,113,San Diego
92102,1020,260,3,4,0,4,0,San Diego
92103,2813,907,32,104,4,108,0,San Diego
92104,2146,689,3,4,4,8,4,San Diego
92105,1783,395,1,5,0,5,5,San Diego
92106,1502,473,6,13,24,37,8,San Diego
92107,1492,527,0,0,0,0,0,
92108,2029,443,61,115,155,270,73,San Diego
92109,2483,784,9,62,0,62,9,San Diego
92110,1500,422,28,40,76,116,20,San Diego
92111,2354,573,29,42,48,90,23,San Diego
92112,18,2,0,0,0,0,0,
92113,637,101,7,8,15,23,9,San Diego
92114,1827,258,2,4,0,4,0,San Diego
92115,2106,550,12,21,13,34,6,San Diego
92116,1772,555,2,7,6,13,0,San Diego
92117,3041,822,3,1,11,12,3,San Diego
92118,1334,382,20,42,5,47,8,Coronado
92119,1327,329,1,0,12,12,0,San Diego
92120,2302,569,8,46,1,47,3,San Diego
92121,766,306,110,309,23,332,32,San Diego
92122,3318,898,25,54,20,74,28,San Diego
92123,2360,503,61,137,25,162,20,San Diego
92124,1867,467,0,0,0,0,0,
92126,5374,1099,17,35,34,69,16,San Diego
92127,7509,2253,56,125,16,141,22,San Diego
92128,4804,1142,11,46,5,51,2,San Diego
92129,5919,1492,12,24,14,38,14,San Diego
92130,10291,3061,39,99,36,135,30,San Diego
92131,4813,1371,11,16,12,28,1,San Diego
92132,1,0,6,12,0,12,0,San Diego
92134,3,1,0,0,0,0,0,
92136,32,5,0,0,0,0,0,
92137,4,2,0,0,0,0,0,
92138,23,9,0,0,0,0,0,
92139,952,173,1,0,6,6,0,San Diego
92140,3,0,1,0,1,1,0,San Diego
92142,10,3,0,0,0,0,0,
92143,12,2,0,0,0,0,0,
92145,12,2,0,0,0,0,0,
92147,0,1,0,0,0,0,0,
92149,4,1,0,0,0,0,0,
92150,32,9,0,0,0,0,0,
92153,11,1,0,0,0,0,0,
92154,2854,425,9,3,29,32,4,San Diego
92155,2,0,1,8,0,8,0,San Diego
92158,0,0,5,10,0,10,0,San Diego
92159,5,3,0,0,0,0,0,
92160,9,5,0,0,0,0,0,
92161,0,0,1,2,0,2,2,San Diego
92163,26,6,0,0,0,0,0,
92165,6,2,0,0,0,0,0,
92166,7,7,0,0,0,0,0,
92167,9,3,0,0,0,0,0,
92168,9,6,0,0,0,0,0,
92169,24,7,0,0,0,0,0,
92170,2,4,0,0,0,0,0,
92171,3,1,0,0,0,0,0,
92172,17,10,0,0,0,0,0,
92173,714,86,5,2,30,32,7,San Diego
92174,2,2,0,0,0,0,0,
92175,6,1,0,0,0,0,0,
92176,13,3,0,0,0,0,0,
92177,6,5,0,0,0,0,0,
92178,18,8,0,0,0,0,0,
92182,3,1,16,24,1,25,11,San Diego
92187,1,0,0,0,0,0,0,
92191,8,5,0,0,0,0,0,
92192,17,10,0,0,0,0,0,
92193,7,7,0,0,0,0,0,
92195,6,6,0,0,0,0,0,
92196,17,0,0,0,0,0,0,
92198,24,8,0,0,0,0,0,
92199,1,0,0,0,0,0,0,
92200,1,0,0,0,0,0,0,
92201,1147,182,17,28,2,30,15,Indio
92202,9,3,0,0,0,0,0,
92203,1651,297,4,3,51,54,50,Indio
92210,506,150,23,66,0,66,20,Indian Wells
92211,1771,396,18,81,8,89,4,Palm Desert
92214,1,0,0,0,0,0,0,
92220,933,133,3,6,3,9,2,Banning
92223,3169,542,8,8,48,56,21,Beaumont
92225,102,29,13,39,4,43,6,Blythe
92226,5,2,0,0,0,0,0,
92227,257,35,4,7,16,23,0,Brawley
92230,29,5,5,4,36,40,28,Cabazon
92231,578,55,11,17,16,33,0,Calexico
92232,13,0,0,0,0,0,0,
92233,22,5,2,2,8,10,0,Calipatria
92234,1852,339,13,43,14,57,12,Cathedral City
92235,12,3,0,0,0,0,0,
92236,482,43,2,2,1,3,2,Coachella
92239,7,1,0,0,0,0,0,
92240,726,132,8,16,0,16,1,Desert Hot Springs
92241,171,37,1,7,0,7,0,Desert Hot Springs
92242,4,1,0,0,0,0,0,
92243,672,93,9,12,70,82,36,El Centro
92244,17,5,0,0,0,0,0,
92246,1,0,0,0,0,0,0,
92247,14,4,0,0,0,0,0,
92248,21,3,0,0,0,0,0,
92249,100,6,1,0,20,20,0,Heber
92250,56,8,0,0,0,0,0,
92251,550,63,5,9,0,9,0,Imperial
92252,208,52,6,16,12,28,0,Joshua Tree
92253,2155,485,14,47,15,62,26,La Quinta
92254,67,7,0,0,0,0,0,
92255,21,4,0,0,0,0,0,
92256,88,22,0,0,0,0,0,
92257,17,3,0,0,0,0,0,
92258,14,1,0,0,0,0,0,
92259,4,1,0,0,0,0,0,
92260,1462,380,11,41,5,46,31,Palm Desert
92261,17,10,0,0,0,0,0,
92262,1945,553,91,166,38,204,76,Palm Springs
92263,58,13,0,0,0,0,0,
92264,1665,420,14,32,4,36,33,Palm Springs
92266,0,1,0,0,0,0,0,
92268,21,3,0,0,0,0,0,
92270,2123,539,27,53,44,97,48,Rancho Mirage
92273,9,0,0,0,0,0,0,
92274,130,21,1,0,1,1,0,Thermal
92275,5,3,0,0,0,0,0,
92276,159,47,0,0,0,0,0,
92277,342,71,5,4,10,14,8,Twentynine Palms
92278,4,1,0,0,0,0,0,
92280,1,0,0,0,0,0,0,
92281,7,1,0,0,0,0,0,
92282,28,8,0,0,0,0,0,
92283,3,0,0,0,0,0,0,
92284,542,114,6,11,24,35,0,Yucca Valley
92285,41,7,0,0,0,0,0,
92286,13,2,0,0,0,0,0,
92301,534,76,1,15,0,15,0,Adelanto
92305,8,3,0,0,0,0,0,
92307,933,209,4,7,0,7,2,Apple Valley
92308,896,189,7,13,6,19,0,Apple Valley
92309,2,1,7,0,164,164,108,Baker
92310,96,13,0,0,0,0,0,
92311,320,54,17,57,229,286,27,Barstow
92312,8,3,0,0,0,0,0,
92313,379,82,5,36,2,38,1,Grand Terrace
92314,135,28,0,0,0,0,0,
92315,132,28,12,32,22,54,0,Big Bear Lake
92316,442,65,5,6,0,6,0,Bloomington
92317,87,17,1,0,1,1,0,Blue Jay
92318,3,0,0,0,0,0,0,
92320,450,74,2,7,12,19,7,Calimesa
92321,29,13,0,0,0,0,0,
92322,18,7,0,0,0,0,0,
92324,1092,239,10,35,47,82,6,Colton
92325,236,62,1,1,0,1,0,Crestline
92327,1,0,0,0,0,0,0,
92328,3,1,1,2,0,2,2,Death Valley
92329,43,10,0,0,0,0,0,
92331,20,2,0,0,0,0,0,
92332,0,0,2,1,4,5,1,Essex
92333,19,4,0,0,0,0,0,
92334,10,4,0,0,0,0,0,
92335,1363,244,26,44,0,44,6,Fontana
92336,6889,1135,6,7,31,38,24,Fontana
92337,1093,225,3,8,0,8,1,Fontana
92339,25,13,0,0,0,0,0,
92340,13,1,0,0,0,0,0,
92341,13,1,0,0,0,0,0,
92342,204,47,0,0,0,0,0,
92344,787,124,0,0,0,0,0,
92345,1417,235,13,17,64,81,30,Hesperia
92346,1891,410,24,38,19,57,8,Highland
92347,7,3,0,0,0,0,0,
92348,0,1,0,0,0,0,0,
92350,9,6,0,0,0,0,0,
92352,221,49,4,4,12,16,2,Lake Arrowhead
92354,1164,258,24,44,4,48,3,Loma Linda
92356,57,15,2,3,0,3,2,Lucerne Valley
92357,1,0,0,0,0,0,0,
92358,32,9,0,0,0,0,0,
92359,234,41,0,0,0,0,0,
92363,29,5,5,0,34,34,8,Needles
92364,0,0,3,2,4,6,0,Nipton
92365,24,3,0,0,0,0,0,
92367,1,0,0,0,0,0,0,
92368,13,4,0,0,0,0,0,
92369,9,3,0,0,0,0,0,
92371,248,57,0,0,0,0,0,
92372,128,30,0,0,0,0,0,
92373,2074,628,4,8,4,12,4,Redlands
92374,1861,361,29,56,63,119,11,Redlands
92375,25,7,0,0,0,0,0,
92376,1413,211,9,23,14,37,0,Rialto
92377,825,175,2,4,0,4,0,Rialto
92378,13,2,0,0,0,0,0,
92382,147,34,0,0,0,0,0,
92384,1,0,2,3,6,9,0,Shoshone
92385,19,2,1,39,0,39,0,Skyforest
92386,35,7,0,0,0,0,0,
92391,40,15,0,0,0,0,0,
92392,1582,247,10,15,21,36,12,Victorville
92393,31,3,0,0,0,0,0,
92394,861,127,7,4,30,34,2,Victorville
92395,1006,201,18,27,31,58,4,Victorville
92397,171,46,1,1,0,1,0,Wrightwood
92398,18,3,5,2,64,66,24,Yermo
92399,1669,390,6,13,0,13,1,Yucaipa
92401,17,4,6,10,0,10,0,San Bernardino
92402,4,1,1,0,2,2,0,San Bernardino
92404,856,201,17,120,0,120,0,San Bernardino
92405,399,89,1,0,2,2,2,San Bernardino
92406,3,0,0,0,0,0,0,
92407,1794,381,3,3,13,16,3,San Bernardino
92408,354,58,94,175,47,222,18,San Bernardino
92410,471,68,28,76,10,86,8,San Bernardino
92411,252,46,3,6,0,6,0,San Bernardino
92413,4,0,0,0,0,0,0,
92415,25,9,2,22,0,22,0,San Bernardino
92423,16,3,0,0,0,0,0,
92427,7,3,0,0,0,0,0,
92501,677,179,22,42,27,69,47,Riverside
92502,10,6,0,0,0,0,0,
92503,3370,803,12,24,1,25,8,Riverside
92504,1762,407,14,28,0,28,4,Riverside
92505,1392,281,2,10,0,10,8,Riverside
92506,2459,744,3,13,2,15,13,Riverside
92507,2020,437,55,95,22,117,41,Riverside
92508,2288,513,4,6,1,7,0,Riverside
92509,2023,401,9,11,34,45,11,Riverside
92510,1,0,0,0,0,0,0,
92513,6,3,0,0,0,0,0,
92514,5,0,0,0,0,0,0,
92516,9,5,0,0,0,0,0,
92517,19,5,0,0,0,0,0,
92518,325,11,6,22,0,22,2,Riverside
92519,5,0,0,0,0,0,0,
92521,8,5,0,0,0,0,0,
92530,2006,413,6,10,27,37,33,Lake Elsinore
92531,8,3,0,0,0,0,0,
92532,2891,486,7,0,27,27,0,Lake Elsinore
92533,0,1,0,0,0,0,0,
92536,122,37,0,0,0,0,0,
92539,71,8,6,8,2,10,3,Anza
92543,563,96,3,4,2,6,4,Hemet
92544,822,168,0,0,0,0,0,
92545,1022,194,3,3,2,5,3,Hemet
92546,10,3,0,0,0,0,0,
92548,256,25,0,0,0,0,0,
92549,113,31,3,6,0,6,2,Idyllwild
92551,808,131,5,7,1,8,0,Moreno Valley
92552,15,8,0,0,0,0,0,
92553,1250,181,16,51,27,78,17,Moreno Valley
92554,1,2,0,0,0,0,0,
92555,1894,348,21,42,1,43,9,Moreno Valley
92556,5,2,0,0,0,0,0,
92557,1649,324,10,38,6,44,2,Moreno Valley
92561,69,14,0,0,0,0,0,
92562,3525,869,24,34,35,69,10,Murrieta
92563,4847,986,15,30,34,64,16,Murrieta
92564,23,14,0,0,0,0,0,
92566,1,0,0,0,0,0,0,
92567,210,44,0,0,0,0,0,
92570,1169,266,8,19,0,19,4,Perris
92571,1481,204,9,14,18,32,0,Perris
92572,9,7,0,0,0,0,0,
92575,1,1,0,0,0,0,0,
92581,9,1,0,0,0,0,0,
92582,629,115,1,2,0,2,2,San Jacinto
92583,541,84,1,2,0,2,0,San Jacinto
92584,3959,628,4,12,38,50,23,Menifee
92585,1523,216,0,0,0,0,0,
92586,595,129,1,2,0,2,0,Menifee
92587,855,253,0,0,0,0,0,
92589,39,15,0,0,0,0,0,
92590,367,107,11,28,1,29,9,Temecula
92591,2956,573,16,30,58,88,12,Temecula
92592,5446,1263,25,106,38,144,22,Temecula
92593,19,4,0,0,0,0,0,
92594,1,0,0,0,0,0,0,
92595,1408,311,4,13,4,17,3,Wildomar
92596,2876,397,4,23,0,23,0,Winchester
92600,1,0,0,0,0,0,0,
92601,0,1,0,0,0,0,0,
92602,5828,1482,16,20,11,31,8,Irvine
92603,3612,1244,64,109,1,110,6,Irvine
92604,2756,829,27,46,36,82,10,Irvine
92605,8,4,0,0,0,0,0,
92606,2983,770,20,45,2,47,4,Irvine
92607,39,10,0,0,0,0,0,
92608,1,0,0,0,0,0,0,
92609,13,7,0,0,0,0,0,
92610,1749,510,10,19,5,24,8,Lake Forest
92612,3491,930,130,259,17,276,56,Irvine
92614,3610,986,63,139,40,179,70,Irvine
92615,27,8,0,0,0,0,0,
92616,15,5,0,0,0,0,0,
92617,963,355,107,181,0,181,38,Irvine
92618,14710,3296,336,730,33,763,78,Irvine
92619,66,28,0,0,0,0,0,
92620,9716,2743,15,20,11,31,10,Irvine
92623,37,26,0,0,0,0,0,
92624,537,178,2,2,12,14,2,Dana Point
92625,1953,820,3,9,0,9,9,Newport Beach
92626,3686,1146,102,258,61,319,52,Costa Mesa
92627,3293,1139,5,7,20,27,2,Costa Mesa
92628,13,8,0,0,0,0,0,
92629,2582,866,12,24,0,24,6,Dana Point
92630,6598,1786,22,46,26,72,2,Lake Forest
92631,0,1,0,0,0,0,0,
92632,0,2,0,0,0,0,0,
92636,1,1,0,0,0,0,0,
92637,1104,271,9,14,3,17,7,Laguna Woods
92638,1,0,0,0,0,0,0,
92639,0,0,1,13,0,13,0,Lake Forest
92640,0,1,0,0,0,0,0,
92641,1,0,0,0,0,0,0,
92644,1,0,0,0,0,0,0,
92646,4173,1409,4,17,10,27,1,Huntington Beach
92647,3146,1025,18,34,24,58,16,Huntington Beach
92648,4115,1664,25,85,7,92,26,Huntington Beach
92649,2849,1150,2,5,3,8,4,Huntington Beach
92650,3,0,0,0,0,0,0,
92651,3646,1495,12,34,0,34,20,Laguna Beach
92652,30,18,0,0,0,0,0,
92653,2933,943,9,17,33,50,2,Laguna Hills
92654,15,5,0,0,0,0,0,
92655,349,81,0,0,0,0,0,
92656,5359,1608,18,37,2,39,16,Aliso Viejo
92657,2416,958,10,15,2,17,9,Newport Beach
92658,78,34,0,0,0,0,0,
92659,23,14,0,0,0,0,0,
92660,4814,1901,92,167,24,191,48,Newport Beach
92661,302,125,0,0,0,0,0,
92662,252,93,0,0,0,0,0,
92663,2042,840,13,28,0,28,20,Newport Beach
92669,1,0,0,0,0,0,0,
92672,2813,1019,13,15,69,84,50,San Clemente
92673,3471,1292,6,3,31,34,22,San Clemente
92674,14,14,0,0,0,0,0,
92675,3050,1039,13,18,27,45,7,San Juan Capistrano
92676,197,69,0,0,0,0,0,
92677,7355,2290,10,15,5,20,0,Laguna Niguel
92678,22,13,0,0,0,0,0,
92679,4563,1510,1,1,0,1,0,Coto De Caza
92681,1,0,0,0,0,0,0,
92682,0,1,0,0,0,0,0,
92683,5242,1334,17,45,26,71,28,Westminster
92684,9,1,0,0,0,0,0,
92685,14,4,0,0,0,0,0,
92688,3793,1081,3,8,11,19,4,Rancho Santa Margarita
92690,22,16,0,0,0,0,0,
92691,3829,1124,5,1,46,47,17,Mission Viejo
92692,4905,1471,15,32,4,36,2,Mission Viejo
92693,5,3,0,0,0,0,0,
92694,5793,1777,24,43,8,51,4,Mission Viejo
92697,23,16,3,6,0,6,2,Irvine
92701,1032,204,34,51,80,131,34,Santa Ana
92702,3,2,0,0,0,0,0,
92703,1311,282,5,6,2,8,5,Santa Ana
92704,2466,594,7,6,20,26,10,Santa Ana
92705,4187,1326,17,219,23,242,12,Santa Ana
92706,1287,343,10,16,0,16,0,Santa Ana
92707,1312,325,12,28,0,28,8,Santa Ana
92708,5544,1703,17,24,40,64,24,Fountain Valley
92711,14,5,0,0,0,0,0,
92720,1,0,0,0,0,0,0,
92728,22,12,0,0,0,0,0,
92735,2,0,0,0,0,0,0,
92739,0,1,0,0,0,0,0,
92780,2641,700,42,67,80,147,6,Tustin
92781,22,10,0,0,0,0,0,
92782,4357,1292,12,11,20,31,2,Tustin
92799,13,3,0,0,0,0,0,
92801,2220,441,21,36,70,106,21,Anaheim
92802,1463,291,149,339,0,339,30,Anaheim
92803,8,3,1,2,0,2,0,Anaheim
92804,3205,666,6,39,0,39,0,Anaheim
92805,3073,696,41,76,49,125,16,Anaheim
92806,1823,486,20,70,26,96,23,Anaheim
92807,3703,1168,11,8,27,35,3,Anaheim
92808,2478,744,2,1,20,21,21,Anaheim
92809,7,6,0,0,0,0,0,
92811,3,3,0,0,0,0,0,
92812,8,3,0,0,0,0,0,
92814,4,1,0,0,0,0,0,
92815,3,4,0,0,0,0,0,
92816,8,2,0,0,0,0,0,
92817,13,4,0,0,0,0,0,
92821,3822,1100,20,67,54,121,17,Brea
92822,35,14,0,0,0,0,0,
92823,866,310,1,2,0,2,2,Brea
92829,0,1,0,0,0,0,0,
92831,2004,632,51,82,4,86,4,Fullerton
92832,1154,320,50,97,29,126,14,Fullerton
92833,4519,1111,11,20,4,24,0,Fullerton
92834,12,3,0,0,0,0,0,
92835,2750,861,7,10,0,10,1,Fullerton
92836,0,4,0,0,0,0,0,
92837,6,3,0,0,0,0,0,
92838,3,1,0,0,0,0,0,
92840,2443,551,6,14,36,50,6,Garden Grove
92841,1878,428,0,0,0,0,0,
92842,15,9,0,0,0,0,0,
92843,1915,431,1,2,0,2,2,Garden Grove
92844,1243,273,1,0,2,2,0,Garden Grove
92845,929,256,1,0,16,16,0,Garden Grove
92846,6,0,0,0,0,0,0,
92847,1,0,0,0,0,0,0,
92852,1,0,0,0,0,0,0,
92856,7,3,0,0,0,0,0,
92859,11,4,0,0,0,0,0,
92860,911,282,4,0,8,8,3,Norco
92861,782,295,0,0,0,0,0,
92863,20,9,0,0,0,0,0,
92865,1299,431,1,0,6,6,0,Orange
92866,596,192,8,15,0,15,0,Orange
92867,3071,1036,8,12,12,24,4,Orange
92868,1303,286,68,117,22,139,23,Orange
92869,2645,854,2,4,0,4,0,Orange
92870,3584,1083,5,7,1,8,1,Placentia
92871,9,5,0,0,0,0,0,
92872,1,0,0,0,0,0,0,
92877,19,11,0,0,0,0,0,
92878,768,84,1,2,0,2,2,Corona
92879,2040,527,10,10,11,21,9,Corona
92880,5936,1511,6,9,5,14,4,Corona
92881,2296,686,4,5,27,32,23,Corona
92882,3635,949,18,27,18,45,13,Corona
92883,3762,877,3,6,0,6,2,Corona
92885,14,4,0,0,0,0,0,
92886,5832,1875,16,30,22,52,6,Yorba Linda
92887,2388,796,2,5,3,8,4,Yorba Linda
93001,1572,480,21,62,8,70,17,Ventura
93002,19,7,1,2,0,2,2,Ventura
93003,2373,609,20,33,35,68,25,Ventura
93004,1351,338,5,10,0,10,2,Ventura
93005,2,1,0,0,0,0,0,
93006,16,11,0,0,0,0,0,
93007,4,2,0,0,0,0,0,
93009,0,0,2,5,0,5,3,Ventura
93010,2509,665,34,62,56,118,16,Camarillo
93011,33,12,0,0,0,0,0,
93012,2914,760,11,66,0,66,9,Camarillo
93013,800,207,7,28,2,30,3,Carpinteria
93014,12,2,0,0,0,0,0,
93015,628,106,3,8,1,9,0,Fillmore
93016,3,4,0,0,0,0,0,
93019,0,1,0,0,0,0,0,
93020,3,4,0,0,0,0,0,
93021,2721,794,94,174,12,186,2,Moorpark
93022,242,78,0,0,0,0,0,
93023,1303,454,11,67,16,83,22,Ojai
93024,20,4,0,0,0,0,0,
93030,1204,267,8,11,8,19,2,Oxnard
93031,10,6,0,0,0,0,0,
93032,2,2,0,0,0,0,0,
93033,1134,197,40,68,2,70,2,Oxnard
93034,15,0,0,0,0,0,0,
93035,1351,404,6,11,0,11,2,Oxnard
93036,1589,360,21,26,30,56,37,Oxnard
93040,76,4,0,0,0,0,0,
93041,519,112,7,12,0,12,2,Port Hueneme
93042,2,1,0,0,0,0,0,
93043,3,1,0,0,0,0,0,
93044,8,1,0,0,0,0,0,
93060,737,148,7,8,6,14,2,Santa Paula
93061,4,2,0,0,0,0,0,
93062,12,3,0,0,0,0,0,
93063,3543,1009,4,12,24,36,4,Simi Valley
93064,2,1,0,0,0,0,0,
93065,5173,1433,11,23,37,60,31,Simi Valley
93066,217,86,1,1,0,1,1,Somis
93067,77,19,0,0,0,0,0,
93085,0,1,0,0,0,0,0,
93094,6,2,0,0,0,0,0,
93101,1216,396,45,82,31,113,24,Santa Barbara
93102,22,5,0,0,0,0,0,
93103,1022,329,6,16,2,18,12,Santa Barbara
93105,2006,684,6,6,22,28,6,Santa Barbara
93106,69,26,11,22,0,22,6,Santa Barbara
93108,1533,554,11,26,8,34,10,Santa Barbara
93109,849,328,8,16,0,16,4,Santa Barbara
93110,1220,403,6,41,0,41,5,Santa Barbara
93111,1254,383,5,7,0,7,0,Goleta
93116,10,4,0,0,0,0,0,
93117,1977,584,35,80,18,98,37,Goleta
93118,3,0,0,0,0,0,0,
93120,7,5,0,0,0,0,0,
93121,5,0,0,0,0,0,0,
93130,24,5,0,0,0,0,0,
93140,14,4,0,0,0,0,0,
93150,32,0,0,0,0,0,0,
93160,8,2,0,0,0,0,0,
93190,6,2,0,0,0,0,0,
93201,6,1,0,0,0,0,0,
93202,43,4,0,0,0,0,0,
93203,215,32,7,39,78,117,10,Arvin
93204,80,23,4,3,8,11,0,Avenal
93205,11,4,0,0,0,0,0,
93206,9,5,7,0,44,44,10,Buttonwillow
93207,5,0,0,0,0,0,0,
93210,164,41,11,9,107,116,25,Coalinga
93212,90,25,0,0,0,0,0,
93215,479,66,10,23,14,37,6,Delano
93216,12,7,0,0,0,0,0,
93218,7,0,0,0,0,0,0,
93219,49,11,0,0,0,0,0,
93220,3,1,0,0,0,0,0,
93221,264,60,3,5,0,5,0,Exeter
93222,94,30,0,0,0,0,0,
93223,78,14,5,8,0,8,0,Farmersville
93224,4,3,0,0,0,0,0,
93225,174,53,0,0,0,0,0,
93226,2,1,0,0,0,0,0,
93227,1,0,0,0,0,0,0,
93230,1230,237,46,70,9,79,12,Hanford
93232,9,2,0,0,0,0,0,
93234,64,11,4,6,0,6,2,Huron
93235,37,4,0,0,0,0,0,
93238,21,16,0,0,0,0,0,
93239,9,3,7,3,113,116,40,Kettleman City
93240,52,19,0,0,0,0,0,
93241,97,15,3,11,0,11,0,Lamont
93242,24,8,0,0,0,0,0,
93243,27,6,6,4,64,68,26,Lebec
93244,6,2,0,0,0,0,0,
93245,508,105,6,20,1,21,10,Lemoore
93246,5,3,1,0,10,10,0,Highland
93247,167,50,6,18,6,24,0,Lindsay
93249,19,6,7,35,189,224,1,Lost Hills
93250,138,31,6,6,10,16,0,McFarland
93251,1,0,0,0,0,0,0,
93252,5,2,0,0,0,0,0,
93254,8,3,2,7,0,7,0,New Cuyama
93255,5,1,0,0,0,0,0,
93256,39,6,0,0,0,0,0,
93257,816,144,9,30,12,42,6,Porterville
93258,19,1,0,0,0,0,0,
93260,1,1,0,0,0,0,0,
93261,12,2,0,0,0,0,0,
93262,3,1,0,0,0,0,0,
93263,565,58,4,34,1,35,0,Shafter
93265,98,31,0,0,0,0,0,
93266,12,5,0,0,0,0,0,
93267,49,16,0,0,0,0,0,
93268,102,23,2,5,0,5,1,Taft
93270,49,9,0,0,0,0,0,
93271,59,20,2,3,0,3,2,Three Rivers
93272,21,7,0,0,0,0,0,
93274,1061,193,11,28,9,37,8,Tulare
93275,2,2,0,0,0,0,0,
93277,859,203,10,26,12,38,2,Visalia
93278,5,0,0,0,0,0,0,
93279,17,1,0,0,0,0,0,
93280,221,54,5,12,2,14,0,Wasco
93283,17,4,0,0,0,0,0,
93285,32,8,0,0,0,0,0,
93286,96,22,5,8,0,8,0,Woodlake
93287,2,0,0,0,0,0,0,
93290,22,6,0,0,0,0,0,
93291,1665,342,26,37,41,78,2,Visalia
93292,773,181,11,15,5,20,4,Visalia
93301,287,94,51,89,15,104,6,Bakersfield
93302,3,0,0,0,0,0,0,
93303,9,2,0,0,0,0,0,
93304,362,78,5,20,6,26,0,Bakersfield
93305,243,56,3,11,8,19,0,Bakersfield
93306,1146,250,4,22,2,24,0,Bakersfield
93307,670,122,6,8,2,10,0,Bakersfield
93308,717,153,21,31,97,128,2,Bakersfield
93309,860,187,10,32,16,48,4,Bakersfield
93311,2539,490,17,24,22,46,6,Bakersfield
93312,1634,368,2,5,8,13,0,Bakersfield
93313,1532,228,16,32,27,59,6,Bakersfield
93314,1436,267,2,2,10,12,10,Bakersfield
93341,1,0,0,0,0,0,0,
93351,1,0,0,0,0,0,0,
93380,10,5,0,0,0,0,0,
93383,3,0,0,0,0,0,0,
93384,10,2,0,0,0,0,0,
93385,1,1,0,0,0,0,0,
93386,4,2,0,0,0,0,0,
93387,4,1,0,0,0,0,0,
93388,3,1,0,0,0,0,0,
93389,13,5,0,0,0,0,0,
93390,19,5,0,0,0,0,0,
93401,2349,702,83,146,36,182,30,San Luis Obispo
93402,806,267,1,0,15,15,0,Baywood-Los Osos
93403,19,6,1,40,0,40,40,San Luis Obispo
93405,1025,311,23,44,49,93,30,San Luis Obispo
93406,26,9,0,0,0,0,0,
93407,15,2,12,23,0,23,2,San Luis Obispo
93408,9,9,0,0,0,0,0,
93410,5,0,0,0,0,0,0,
93412,14,6,0,0,0,0,0,
93420,1689,507,9,15,48,63,2,Arroyo Grande
93421,25,8,0,0,0,0,0,
93422,1290,366,15,20,43,63,9,Atascadero
93423,9,7,0,0,0,0,0,
93424,133,57,3,7,0,7,5,Avila Beach
93426,38,8,2,0,3,3,1,Bradley
93427,321,113,3,6,20,26,2,Buellton
93428,363,128,7,16,0,16,12,Cambria
93430,157,59,3,6,0,6,4,Cayucos
93432,58,12,1,3,0,3,3,Creston
93433,424,129,3,2,20,22,2,Grover Beach
93434,126,14,0,0,0,0,0,
93435,2,1,0,0,0,0,0,
93436,1072,232,11,45,12,57,27,Lompoc
93437,99,16,0,0,0,0,0,
93438,4,1,0,0,0,0,0,
93440,67,15,2,2,4,6,2,Los Alamos
93441,89,24,0,0,0,0,0,
93442,498,176,3,4,4,8,0,Morro Bay
93443,13,4,0,0,0,0,0,
93444,1122,315,0,0,0,0,0,
93445,168,40,0,0,0,0,0,
93446,1471,388,56,128,69,197,155,Paso Robles
93447,36,8,0,0,0,0,0,
93448,17,7,0,0,0,0,0,
93449,669,206,24,46,22,68,38,Pismo Beach
93450,4,1,1,0,12,12,0,San Ardo
93451,96,21,0,0,0,0,0,
93452,13,3,3,14,0,14,14,San Simeon
93453,91,30,0,0,0,0,0,
93454,610,118,34,71,54,125,6,Santa Maria
93455,1524,289,12,41,30,71,6,Santa Maria
93456,18,4,0,0,0,0,0,
93457,9,1,0,0,0,0,0,
93458,526,79,5,8,1,9,1,Santa Maria
93460,314,100,10,25,8,33,15,Santa Ynez
93461,21,3,1,0,1,1,1,Shandon
93463,472,141,10,19,5,24,12,Solvang
93464,10,1,0,0,0,0,0,
93465,537,151,5,11,0,11,11,Templeton
93472,1,0,0,0,0,0,0,
93483,17,4,0,0,0,0,0,
93499,0,1,1,0,1,1,1,Pismo Beach
93501,65,19,12,8,65,73,22,Mojave
93502,1,3,0,0,0,0,0,
93504,10,3,0,0,0,0,0,
93505,211,48,1,2,0,2,0,California City
93510,363,108,1,3,0,3,3,Acton
93512,3,0,0,0,0,0,0,
93513,23,3,0,0,0,0,0,
93514,272,62,7,6,49,55,16,Bishop
93515,5,0,0,0,0,0,0,
93516,37,3,4,1,3,4,0,Boron
93517,14,3,3,1,16,17,5,Bridgeport
93518,10,3,0,0,0,0,0,
93519,1,0,0,0,0,0,0,
93522,1,1,0,0,0,0,0,
93523,83,20,4,8,0,8,2,North Edwards
93524,1,0,0,0,0,0,0,
93525,1,0,0,0,0,0,0,
93526,10,4,0,0,0,0,0,
93527,26,6,8,6,25,31,7,Inyokern
93528,1,0,0,0,0,0,0,
93529,13,1,0,0,0,0,0,
93530,1,0,0,0,0,0,0,
93531,28,4,0,0,0,0,0,
93532,91,31,0,0,0,0,0,
93534,761,158,22,43,25,68,16,Lancaster
93535,1351,253,16,36,8,44,19,Lancaster
93536,2628,572,11,29,10,39,0,Lancaster
93539,11,6,0,0,0,0,0,
93541,15,3,1,0,6,6,0,Lee Vining
93543,199,36,2,2,0,2,0,Littlerock
93544,26,6,0,0,0,0,0,
93545,38,9,1,0,16,16,16,Lone Pine
93546,207,54,8,22,26,48,26,Mammoth Lakes
93549,2,0,3,0,23,23,4,Olancha
93550,1362,240,8,36,2,38,4,Palmdale
93551,2935,660,18,22,54,76,34,Palmdale
93552,1113,207,2,2,0,2,0,Palmdale
93553,51,17,0,0,0,0,0,
93554,0,1,0,0,0,0,0,
93555,536,148,6,8,17,25,0,Ridgecrest
93556,3,1,0,0,0,0,0,
93560,457,95,2,14,0,14,0,Rosamond
93561,754,173,15,37,22,59,4,Tehachapi
93562,9,6,2,10,4,14,0,Searles Valley
93563,2,0,0,0,0,0,0,
93581,19,7,0,0,0,0,0,
93584,0,1,0,0,0,0,0,
93586,0,3,0,0,0,0,0,
93590,11,2,0,0,0,0,0,
93591,77,18,0,0,0,0,0,
93592,2,0,0,0,0,0,0,
93596,1,0,0,0,0,0,0,
93599,6,1,0,0,0,0,0,
93601,33,8,1,10,0,10,10,Ahwahnee
93602,48,14,0,0,0,0,0,
93603,2,1,0,0,0,0,0,
93604,12,7,0,0,0,0,0,
93605,16,4,0,0,0,0,0,
93606,3,2,0,0,0,0,0,
93608,5,0,0,0,0,0,0,
93609,78,22,0,0,0,0,0,
93610,298,63,7,3,23,26,3,Chowchilla
93611,1577,473,12,21,0,21,4,Clovis
93612,524,143,17,65,30,95,17,Clovis
93613,23,11,0,0,0,0,0,
93614,258,88,4,26,0,26,18,Coarsegold
93615,26,3,0,0,0,0,0,
93616,34,7,1,2,0,2,0,Del Rey
93618,328,50,3,7,0,7,0,Dinuba
93619,3397,817,0,0,0,0,0,
93620,105,22,0,0,0,0,0,
93621,8,1,0,0,0,0,0,
93622,118,23,7,3,78,81,63,Firebaugh
93623,2,0,3,4,8,12,10,Fish Camp
93624,2,1,0,0,0,0,0,
93625,230,40,4,11,0,11,1,Fowler
93626,181,44,0,0,0,0,0,
93627,2,0,0,0,0,0,0,
93628,3,0,0,0,0,0,0,
93630,263,51,10,15,0,15,7,Kerman
93631,350,86,2,3,0,3,3,Kingsburg
93635,1055,213,9,21,16,37,14,Los Banos
93636,1147,131,1,2,0,2,0,Madera
93637,653,127,9,8,42,50,20,Madera
93638,497,89,12,15,11,26,6,Madera
93639,9,1,0,0,0,0,0,
93640,82,24,9,14,0,14,1,Mendota
93641,6,1,0,0,0,0,0,
93643,54,20,0,0,0,0,0,
93644,138,30,12,15,22,37,9,Oakhurst
93645,7,0,1,0,2,2,0,O'Neals
93646,52,6,2,3,0,3,1,Orange Cove
93647,76,13,1,4,0,4,0,Orosi
93648,114,15,4,7,0,7,1,Parlier
93649,4,2,0,0,0,0,0,
93650,59,22,4,5,4,9,4,Fresno
93651,32,14,1,2,0,2,0,Prather
93652,3,1,0,0,0,0,0,
93653,22,14,0,0,0,0,0,
93654,425,103,2,3,0,3,3,Reedley
93656,44,8,0,0,0,0,0,
93657,631,141,4,11,0,11,2,Sanger
93660,25,8,1,1,0,1,1,San Joaquin
93662,337,70,7,4,22,26,6,Selma
93663,1,0,0,0,0,0,0,
93664,20,8,0,0,0,0,0,
93666,3,1,0,0,0,0,0,
93667,33,9,0,0,0,0,0,
93668,7,2,0,0,0,0,0,
93669,1,0,0,0,0,0,0,
93670,1,0,0,0,0,0,0,
93673,5,1,2,2,18,20,16,Madera
93675,42,13,0,0,0,0,0,
93701,68,24,0,0,0,0,0,
93702,324,71,1,0,6,6,0,Fresno
93703,248,50,6,15,0,15,0,Fresno
93704,666,232,20,20,0,20,0,Fresno
93705,364,94,0,0,0,0,0,
93706,323,75,3,0,4,4,3,Fresno
93709,0,1,0,0,0,0,0,
93710,539,131,13,16,41,57,9,Fresno
93711,1458,427,7,23,3,26,6,Fresno
93712,1,0,0,0,0,0,0,
93720,1938,578,31,73,47,120,8,Fresno
93721,174,58,26,38,8,46,6,Fresno
93722,1728,410,24,13,53,66,26,Fresno
93723,671,93,0,0,0,0,0,
93725,341,56,0,0,0,0,0,
93726,405,104,8,18,0,18,0,Fresno
93727,2002,344,15,17,26,43,5,Fresno
93728,210,50,9,8,4,12,0,Fresno
93729,23,7,0,0,0,0,0,
93730,1265,341,3,3,0,3,0,Fresno
93737,379,67,0,0,0,0,0,
93740,3,1,7,7,0,7,0,Fresno
93744,2,1,0,0,0,0,0,
93745,3,1,0,0,0,0,0,
93747,12,3,0,0,0,0,0,
93755,6,1,0,0,0,0,0,
93771,1,0,0,0,0,0,0,
93772,2,0,0,0,0,0,0,
93775,1,0,0,0,0,0,0,
93776,0,1,0,0,0,0,0,
93790,1,0,0,0,0,0,0,
93791,2,0,0,0,0,0,0,
93792,2,0,0,0,0,0,0,
93793,0,1,0,0,0,0,0,
93794,4,1,0,0,0,0,0,
93901,601,170,20,39,29,68,8,Salinas
93902,7,2,0,0,0,0,0,
93905,562,106,8,8,8,16,0,Salinas
93906,1045,184,15,24,28,52,18,Salinas
93907,681,197,6,10,6,16,12,Salinas
93908,851,214,5,9,0,9,3,Salinas
93912,14,5,0,0,0,0,0,
93915,8,1,0,0,0,0,0,
93920,30,8,4,9,8,17,17,Big Sur
93921,217,105,4,12,0,12,7,Carmel-by-the-Sea
93922,50,17,0,0,0,0,0,
93923,1275,442,19,48,0,48,17,Carmel-by-the-Sea
93924,616,216,3,9,0,9,7,Carmel Valley
93925,17,2,0,0,0,0,0,
93926,100,18,1,18,0,18,0,Gonzales
93927,163,25,1,0,12,12,12,Greenfield
93928,4,3,0,0,0,0,0,
93930,189,43,6,2,23,25,2,King City
93932,11,4,0,0,0,0,0,
93933,1337,292,36,58,24,82,17,Marina
93940,1616,502,24,35,20,55,31,Monterey
93942,28,11,0,0,0,0,0,
93943,2,0,0,0,0,0,0,
93944,12,2,0,0,0,0,0,
93950,874,252,16,23,18,41,5,Pacific Grove
93953,549,194,7,15,2,17,14,Del Monte Forest
93954,2,0,0,0,0,0,0,
93955,882,203,15,22,28,50,14,Sand City
93960,278,43,6,6,24,30,4,Soledad
93962,21,6,0,0,0,0,0,
93970,0,1,0,0,0,0,0,
94002,3809,1371,4,5,7,12,4,Belmont
94003,0,1,0,0,0,0,0,
94005,521,210,43,130,0,130,2,Brisbane
94010,6335,2335,145,260,40,300,12,Burlingame
94011,18,15,0,0,0,0,0,
94012,0,1,0,0,0,0,0,
94013,1,0,0,0,0,0,0,
94014,2262,453,8,21,27,48,21,Daly City
94015,3489,788,11,14,46,60,45,Daly City
94017,8,1,0,0,0,0,0,
94018,296,112,2,3,0,3,0,El Granada
94019,1271,546,11,23,12,35,20,Half Moon Bay
94020,127,55,0,0,0,0,0,
94021,7,8,0,0,0,0,0,
94022,4522,2107,32,163,41,204,123,Los Altos Hills
94023,54,22,0,0,0,0,0,
94024,5048,2184,4,30,4,34,30,Los Altos
94025,6405,2611,309,574,49,623,84,Menlo Park
94026,29,18,0,0,0,0,0,
94027,1578,778,3,6,0,6,2,Atherton
94028,1527,714,5,8,12,20,2,Portola Valley
94030,2461,765,29,48,15,63,12,Millbrae
94035,1,2,1,0,8,8,8,Moffett Field
94036,0,2,0,0,0,0,0,
94037,328,131,0,0,0,0,0,
94038,249,104,1,1,0,1,1,Moss Beach
94039,19,4,0,0,0,0,0,
94040,4859,1641,27,93,52,145,45,Mountain View
94041,2029,711,3,24,0,24,0,Mountain View
94042,15,7,0,0,0,0,0,
94043,7047,1596,103,213,26,239,14,Mountain View
94044,2800,929,4,3,12,15,0,Pacifica
94054,1,0,0,0,0,0,0,
94060,46,18,0,0,0,0,0,
94061,2966,1090,15,26,12,38,4,Redwood City
94062,4175,1786,18,44,2,46,5,Redwood City
94063,1823,649,102,235,4,239,57,Redwood City
94064,11,4,0,0,0,0,0,
94065,1897,803,62,115,2,117,43,Redwood City
94066,2820,758,28,64,56,120,6,San Bruno
94070,4682,1806,21,31,29,60,30,San Carlos
94072,0,1,0,0,0,0,0,
94074,14,4,0,0,0,0,0,
94080,7611,1025,199,417,98,515,81,South San Francisco
94083,14,8,0,0,0,0,0,
94085,2865,842,24,70,3,73,31,Sunnyvale
94086,5406,1640,111,206,19,225,30,Sunnyvale
94087,7534,2723,26,90,46,136,38,Sunnyvale
94088,15,7,0,0,0,0,0,
94089,2196,702,22,33,22,55,11,Sunnyvale
94101,1,0,0,0,0,0,0,
94102,882,292,22,50,12,62,23,San Francisco
94103,1538,476,59,110,89,199,22,San Francisco
94104,136,56,7,26,0,26,10,San Francisco
94105,1367,563,60,94,6,100,25,San Francisco
94107,3025,910,37,68,26,94,27,San Francisco
94108,314,116,26,60,0,60,28,San Francisco
94109,1921,604,20,38,2,40,10,San Francisco
94110,3556,1238,7,11,3,14,5,San Francisco
94111,315,104,35,86,8,94,49,San Francisco
94112,3882,945,6,19,0,19,7,San Francisco
94114,3058,1177,0,0,0,0,0,
94115,1941,648,7,51,3,54,12,San Francisco
94116,3280,967,11,16,0,16,0,San Francisco
94117,2176,791,4,6,2,8,0,San Francisco
94118,2484,811,7,17,38,55,9,San Francisco
94119,12,3,0,0,0,0,0,
94121,2661,770,2,2,4,6,0,San Francisco
94122,3520,1058,8,12,16,28,9,San Francisco
94123,1869,601,39,40,16,56,2,San Francisco
94124,2100,702,7,13,6,19,2,San Francisco
94126,3,5,0,0,0,0,0,
94127,2303,747,0,0,0,0,0,
94128,17,10,105,203,0,203,12,San Francisco
94129,300,111,6,14,6,20,8,San Francisco
94130,109,27,0,0,0,0,0,
94131,2859,1098,1,2,0,2,0,San Francisco
94132,1613,419,25,55,3,58,18,San Francisco
94133,908,305,6,10,0,10,1,San Francisco
94134,1987,490,0,0,0,0,0,
94140,1,0,0,0,0,0,0,
94141,12,1,0,0,0,0,0,
94142,2,0,0,0,0,0,0,
94143,8,0,4,8,0,8,2,San Francisco
94146,4,1,0,0,0,0,0,
94147,14,2,0,0,0,0,0,
94148,0,1,0,0,0,0,0,
94158,733,278,90,185,0,185,42,San Francisco
94159,3,2,0,0,0,0,0,
94164,2,1,0,0,0,0,0,
94172,2,1,0,0,0,0,0,
94188,21,6,0,0,0,0,0,
94203,2,0,0,0,0,0,0,
94214,2,1,0,0,0,0,0,
94218,1,0,0,0,0,0,0,
94232,1,2,0,0,0,0,0,
94244,22,10,0,0,0,0,0,
94296,5,0,0,0,0,0,0,
94297,2,1,0,0,0,0,0,
94301,2945,1406,30,99,20,119,26,Palo Alto
94302,16,7,0,0,0,0,0,
94303,4336,1707,24,66,39,105,33,Palo Alto
94304,2667,151,70,153,26,179,40,Palo Alto
94305,722,235,54,106,0,106,20,Stanford
94306,4323,1704,86,187,0,187,59,Palo Alto
94309,13,8,0,0,0,0,0,
94337,1,0,0,0,0,0,0,
94401,1835,575,38,115,2,117,8,San Mateo
94402,3308,1188,60,101,20,121,10,San Mateo
94403,4286,1341,139,272,118,390,50,San Mateo
94404,4455,1529,67,141,30,171,20,Foster City
94458,0,1,0,0,0,0,0,
94494,0,1,0,0,0,0,0,
94496,0,1,0,0,0,0,0,
94501,4604,1626,26,47,29,76,22,Alameda
94502,1627,609,25,48,0,48,8,Alameda
94503,1442,368,19,34,0,34,2,American Canyon
94504,1,1,0,0,0,0,0,
94505,1004,292,0,0,0,0,0,
94506,4282,1410,2,2,16,18,0,Danville
94507,2332,833,2,2,16,18,0,Alamo
94508,147,51,1,2,0,2,2,Angwin
94509,1658,376,13,18,21,39,6,Antioch
94510,1861,715,6,8,16,24,3,Benicia
94511,116,14,0,0,0,0,0,
94512,1,0,0,0,0,0,0,
94513,4806,1185,29,62,32,94,6,Brentwood
94514,18,5,1,2,0,2,0,Byron
94515,363,107,21,44,0,44,38,Calistoga
94516,22,6,0,0,0,0,0,
94517,856,280,0,0,0,0,0,
94518,1437,383,0,0,0,0,0,
94519,860,243,2,2,4,6,2,Concord
94520,1135,309,21,30,67,97,32,Concord
94521,2309,592,6,7,17,24,6,Concord
94522,10,3,0,0,0,0,0,
94523,2577,718,22,38,15,53,20,Pleasant Hill
94524,11,0,0,0,0,0,0,
94525,129,60,0,0,0,0,0,
94526,3882,1250,6,11,1,12,2,Danville
94528,167,74,0,0,0,0,0,
94529,0,1,0,0,0,0,0,
94530,2388,887,7,10,26,36,16,El Cerrito
94531,2784,536,2,0,20,20,10,Antioch
94533,2753,537,19,38,67,105,31,Fairfield
94534,3169,900,34,57,58,115,19,Fairfield
94535,96,15,0,0,0,0,0,
94536,7055,2497,4,4,15,19,3,Fremont
94537,16,7,0,0,0,0,0,
94538,13172,2610,72,114,86,200,99,Fremont
94539,9847,4140,34,87,11,98,12,Fremont
94540,30,9,0,0,0,0,0,
94541,2810,820,7,23,42,65,16,Hayward
94542,1586,545,25,50,0,50,12,Hayward
94543,5,3,0,0,0,0,0,
94544,4364,803,50,97,33,130,16,Hayward
94545,2052,614,38,68,12,80,11,Hayward
94546,3129,889,8,10,3,13,3,Castro Valley
94547,2168,651,12,21,14,35,0,Hercules
94548,14,8,0,0,0,0,0,
94549,4098,1512,4,9,0,9,5,Lafayette
94550,3967,1228,22,34,19,53,2,Livermore
94551,2687,739,40,74,136,210,52,Livermore
94552,1989,698,0,0,0,0,0,
94553,2817,835,36,43,22,65,10,Martinez
94555,4503,1903,13,23,0,23,0,Fremont
94556,2019,662,8,15,0,15,2,Moraga
94557,1,1,0,0,0,0,0,
94558,3526,1064,72,197,65,262,91,Napa
94559,1444,456,60,138,0,138,45,Napa
94560,5344,1525,30,57,77,134,29,Newark
94561,2185,438,16,26,18,44,0,Oakley
94562,21,6,5,12,0,12,12,Oakville
94563,3578,1463,0,0,0,0,0,
94564,1074,334,3,2,22,24,0,Pinole
94565,3502,749,20,38,8,46,10,Pittsburg
94566,5751,2136,30,55,35,90,22,Pleasanton
94567,29,6,0,0,0,0,0,
94568,10666,3435,79,213,84,297,54,Dublin
94569,6,2,0,0,0,0,0,
94570,8,1,0,0,0,0,0,
94571,494,144,2,4,1,5,2,Rio Vista
94572,379,104,0,0,0,0,0,
94573,41,26,5,13,0,13,2,Rutherford
94574,584,229,35,72,0,72,64,St. Helena
94575,2,0,0,0,0,0,0,
94576,8,2,1,2,0,2,2,Deer Park
94577,2464,779,8,25,23,48,18,San Leandro
94578,1519,411,7,11,4,15,7,San Leandro
94579,1314,378,7,18,0,18,8,San Leandro
94580,1317,324,4,6,0,6,0,San Lorenzo
94581,13,8,0,0,0,0,0,
94582,8254,3084,8,16,2,18,2,San Ramon
94583,4643,1358,23,100,95,195,80,San Ramon
94585,921,229,7,19,28,47,3,Suisun City
94586,94,34,0,0,0,0,0,
94587,5566,1732,30,46,25,71,8,Union City
94588,3984,1403,55,129,76,205,46,Pleasanton
94589,758,195,3,6,0,6,0,Vallejo
94590,1008,323,24,34,36,70,2,Vallejo
94591,2671,808,8,8,42,50,18,Vallejo
94592,107,36,1,2,0,2,2,Vallejo
94595,1546,519,2,0,10,10,0,Walnut Creek
94596,2096,641,30,57,33,90,38,Walnut Creek
94597,1891,584,17,34,18,52,17,Walnut Creek
94598,2907,886,24,41,24,65,6,Walnut Creek
94599,175,51,9,20,0,20,14,Yountville
94601,1105,306,0,0,0,0,0,
94602,2334,965,2,2,8,10,2,Oakland
94603,582,142,2,3,8,11,3,Oakland
94604,16,8,0,0,0,0,0,
94605,2298,785,3,3,0,3,0,Oakland
94606,1246,396,5,8,3,11,5,Oakland
94607,1293,427,158,372,28,400,41,Oakland
94608,1962,685,23,39,39,78,46,Emeryville
94609,1156,411,17,29,2,31,0,Oakland
94610,2461,1046,0,0,0,0,0,
94611,5202,2254,5,9,0,9,4,Piedmont
94612,952,315,59,186,37,223,11,Oakland
94613,1,1,0,0,0,0,0,
94614,4,0,0,0,0,0,0,
94616,1,0,0,0,0,0,0,
94618,2197,940,0,0,0,0,0,
94619,1677,685,1,4,0,4,0,Oakland
94620,2,2,0,0,0,0,0,
94621,594,191,15,73,17,90,23,Oakland
94623,8,4,0,0,0,0,0,
94624,0,1,0,0,0,0,0,
94634,0,1,0,0,0,0,0,
94641,0,1,0,0,0,0,0,
94650,0,1,0,0,0,0,0,
94656,1,1,0,0,0,0,0,
94661,9,8,0,0,0,0,0,
94662,15,9,0,0,0,0,0,
94701,3,1,0,0,0,0,0,
94702,1313,457,3,6,0,6,2,Berkeley
94703,1178,446,0,0,0,0,0,
94704,485,186,42,71,0,71,11,Berkeley
94705,1658,737,8,11,4,15,1,Berkeley
94706,1584,608,2,11,0,11,0,Albany
94707,1913,863,1,0,2,2,0,Berkeley
94708,1819,806,0,0,0,0,0,
94709,489,202,1,2,0,2,0,Berkeley
94710,599,224,15,35,30,65,24,Berkeley
94712,10,1,0,0,0,0,0,
94720,2,1,2,27,0,27,0,Berkeley
94747,0,2,0,0,0,0,0,
94762,0,1,0,0,0,0,0,
94801,853,282,2,4,0,4,0,Richmond
94802,4,0,0,0,0,0,0,
94803,1680,540,0,0,0,0,0,
94804,1925,587,16,34,29,63,33,Richmond
94805,856,306,1,0,4,4,0,Richmond
94806,2034,585,19,29,7,36,4,San Pablo
94807,9,3,0,0,0,0,0,
94808,2,0,0,0,0,0,0,
94820,10,6,0,0,0,0,0,
94901,3294,1195,26,51,8,59,10,San Rafael
94903,2824,1005,42,129,2,131,12,San Rafael
94904,1791,648,4,26,14,40,16,Larkspur
94912,18,8,0,0,0,0,0,
94913,18,12,0,0,0,0,0,
94914,8,1,0,0,0,0,0,
94915,10,10,0,0,0,0,0,
94920,2231,817,13,27,0,27,13,Belvedere Tiburon
94922,27,6,0,0,0,0,0,
94923,129,49,1,0,8,8,0,Bodega Bay
94924,84,38,0,0,0,0,0,
94925,1281,406,6,14,16,30,10,Corte Madera
94927,14,4,0,0,0,0,0,
94928,1753,507,51,82,32,114,18,Rohnert Park
94929,19,10,1,1,0,1,0,Dillon Beach
94930,815,298,3,6,0,6,4,Fairfax
94931,457,215,4,4,12,16,3,Cotati
94933,57,23,0,0,0,0,0,
94937,132,59,1,4,0,4,4,Inverness
94938,52,22,0,0,0,0,0,
94939,942,340,32,55,14,69,4,Larkspur
94940,18,11,0,0,0,0,0,
94941,4580,1598,11,15,18,33,9,Mill Valley
94942,23,8,0,0,0,0,0,
94944,0,1,0,0,0,0,0,
94945,1436,489,24,22,36,58,30,Novato
94946,96,46,0,0,0,0,0,
94947,1696,561,9,11,16,27,14,Novato
94948,15,8,0,0,0,0,0,
94949,1564,548,10,23,0,23,10,Novato
94950,11,4,2,1,6,7,0,Olema
94951,293,122,0,0,0,0,0,
94952,2585,945,19,31,30,61,33,Petaluma
94953,22,9,0,0,0,0,0,
94954,2049,704,18,96,8,104,13,Petaluma
94955,6,8,0,0,0,0,0,
94956,106,46,3,9,0,9,0,Point Reyes Station
94957,438,159,2,3,0,3,0,Ross
94959,1,0,0,0,0,0,0,
94960,1922,674,17,29,8,37,2,San Anselmo
94963,71,26,0,0,0,0,0,
94964,16,5,0,0,0,0,0,
94965,1204,473,9,15,18,33,19,Sausalito
94966,18,9,0,0,0,0,0,
94970,48,18,3,12,0,12,4,Stinson Beach
94971,28,13,0,0,0,0,0,
94972,13,4,0,0,0,0,0,
94973,158,62,0,0,0,0,0,
94975,15,9,0,0,0,0,0,
94976,9,5,0,0,0,0,0,
94977,8,0,0,0,0,0,0,
94978,8,6,0,0,0,0,0,
94979,7,3,0,0,0,0,0,
95001,62,31,0,0,0,0,0,
95002,128,55,7,13,0,13,0,San Jose
95003,1849,742,4,10,4,14,6,Aptos
95004,186,76,0,0,0,0,0,
95005,321,136,0,0,0,0,0,
95006,471,218,0,0,0,0,0,
95007,23,9,0,0,0,0,0,
95008,4789,1828,58,148,14,162,68,Campbell
95009,9,4,0,0,0,0,0,
95010,481,163,6,16,29,45,2,Capitola
95011,17,12,0,0,0,0,0,
95012,167,36,0,0,0,0,0,
95013,4,2,0,0,0,0,0,
95014,9512,3697,129,283,52,335,115,Cupertino
95015,38,25,0,0,0,0,0,
95017,35,16,0,0,0,0,0,
95018,445,207,3,4,0,4,1,Felton
95019,92,14,0,0,0,0,0,
95020,4203,1393,29,35,88,123,40,Gilroy
95021,14,4,0,0,0,0,0,
95023,2373,604,17,18,57,75,23,Hollister
95024,10,6,0,0,0,0,0,
95030,2542,1192,17,42,3,45,36,Los Gatos
95031,39,29,0,0,0,0,0,
95032,4512,1930,10,16,32,48,27,Los Gatos
95033,1274,579,1,4,0,4,4,Los Gatos
95035,9146,2837,78,163,134,297,53,Milpitas
95036,15,10,0,0,0,0,0,
95037,5393,2217,21,39,22,61,32,Morgan Hill
95038,24,14,0,0,0,0,0,
95039,32,11,0,0,0,0,0,
95041,35,14,0,0,0,0,0,
95042,3,1,0,0,0,0,0,
95043,13,4,2,3,0,3,0,Paicines
95044,6,4,0,0,0,0,0,
95045,279,77,1,0,12,12,0,San Juan Bautista
95046,365,155,4,10,0,10,0,San Martin
95050,3270,965,41,121,14,135,21,Santa Clara
95051,6916,2016,18,30,14,44,10,Santa Clara
95052,11,6,0,0,0,0,0,
95053,4,0,5,10,0,10,0,Santa Clara
95054,3480,1166,295,625,24,649,72,Santa Clara
95055,18,6,0,0,0,0,0,
95056,7,5,0,0,0,0,0,
95060,2959,1243,26,65,11,76,25,Santa Cruz
95061,14,10,0,0,0,0,0,
95062,1885,695,4,6,16,22,22,Santa Cruz
95063,28,13,0,0,0,0,0,
95064,79,27,13,23,0,23,5,Santa Cruz
95065,602,258,3,14,0,14,10,Santa Cruz
95066,1345,537,7,12,16,28,18,Scotts Valley
95067,15,9,0,0,0,0,0,
95070,6737,3010,16,145,12,157,5,Saratoga
95071,6,4,0,0,0,0,0,
95073,715,267,1,0,6,6,0,Soquel
95075,24,10,0,0,0,0,0,
95076,1959,576,23,41,26,67,29,Watsonville
95077,12,2,0,0,0,0,0,
95087,0,1,0,0,0,0,0,
95101,1,0,0,0,0,0,0,
95103,2,0,0,0,0,0,0,
95104,2,0,0,0,0,0,0,
95106,1,0,0,0,0,0,0,
95108,1,1,0,0,0,0,0,
95109,6,2,0,0,0,0,0,
95110,1215,356,82,183,18,201,76,San Jose
95111,2841,742,2,2,6,8,2,San Jose
95112,3013,1048,90,239,16,255,35,San Jose
95113,334,108,64,136,0,136,29,San Jose
95115,1,0,0,0,0,0,0,
95116,1425,333,2,2,4,6,4,San Jose
95117,1977,624,51,145,2,147,50,San Jose
95118,3026,1123,14,57,77,134,97,San Jose
95119,1188,364,6,114,36,150,0,San Jose
95120,6427,3082,2,1,4,5,0,San Jose
95121,2838,861,6,3,76,79,20,San Jose
95122,1931,357,5,6,32,38,0,San Jose
95123,5358,2003,10,40,37,77,6,San Jose
95124,5847,2225,5,72,8,80,68,San Jose
95125,5625,2320,4,3,20,23,0,San Jose
95126,2871,1085,41,101,12,113,32,San Jose
95127,2895,792,2,0,20,20,0,San Jose
95128,2738,850,60,165,36,201,89,San Jose
95129,4844,1755,16,51,40,91,44,San Jose
95130,1379,531,0,0,0,0,0,
95131,3212,1064,28,47,19,66,10,San Jose
95132,3597,1084,1,1,3,4,4,San Jose
95133,2440,691,37,55,6,61,7,San Jose
95134,3564,1109,89,239,24,263,94,San Jose
95135,3300,1562,9,16,0,16,0,San Jose
95136,3933,1419,5,2,34,36,5,San Jose
95138,3187,1404,13,20,16,36,2,San Jose
95139,681,269,1,0,4,4,0,San Jose
95140,38,17,0,0,0,0,0,
95141,12,4,0,0,0,0,0,
95148,4177,1364,2,8,0,8,0,San Jose
95150,13,6,0,0,0,0,0,
95151,16,3,0,0,0,0,0,
95152,16,10,0,0,0,0,0,
95153,23,8,0,0,0,0,0,
95154,16,7,0,0,0,0,0,
95155,6,8,0,0,0,0,0,
95156,5,2,0,0,0,0,0,
95157,12,4,0,0,0,0,0,
95158,12,5,0,0,0,0,0,
95159,6,3,0,0,0,0,0,
95160,17,7,0,0,0,0,0,
95161,37,14,0,0,0,0,0,
95164,7,4,0,0,0,0,0,
95170,5,4,0,0,0,0,0,
95172,1,0,0,0,0,0,0,
95173,14,3,0,0,0,0,0,
95201,4,3,0,0,0,0,0,
95202,162,48,5,28,1,29,2,Stockton
95203,213,56,1,10,0,10,0,Stockton
95204,577,135,5,8,8,16,0,Stockton
95205,430,77,1,2,0,2,0,Stockton
95206,1304,250,4,22,16,38,0,Stockton
95207,842,191,13,38,18,56,16,Stockton
95208,9,1,0,0,0,0,0,
95209,1365,242,2,4,0,4,4,Stockton
95210,644,132,5,29,0,29,3,Stockton
95211,4,1,5,10,0,10,0,Stockton
95212,1195,209,4,16,13,29,1,Stockton
95213,12,4,0,0,0,0,0,
95215,345,72,1,7,0,7,0,Stockton
95219,1560,330,3,12,12,24,8,Stockton
95220,183,56,3,4,0,4,3,Acampo
95221,5,1,0,0,0,0,0,
95222,120,32,1,2,0,2,0,Angels Camp
95223,106,29,2,2,8,10,2,Bear Valley
95224,11,4,0,0,0,0,0,
95225,11,1,0,0,0,0,0,
95226,1,0,0,0,0,0,0,
95227,18,6,0,0,0,0,0,
95228,200,36,1,0,12,12,0,Copperopolis
95229,1,0,0,0,0,0,0,
95230,12,6,0,0,0,0,0,
95231,55,17,1,4,0,4,0,French Camp
95232,2,0,0,0,0,0,0,
95233,3,0,0,0,0,0,0,
95234,1,0,0,0,0,0,0,
95236,93,18,0,0,0,0,0,
95237,54,13,1,1,0,1,1,Lockeford
95240,957,230,15,28,0,28,6,Lodi
95241,21,5,0,0,0,0,0,
95242,1059,209,12,13,11,24,9,Lodi
95245,37,10,0,0,0,0,0,
95246,30,11,0,0,0,0,0,
95247,150,45,3,7,0,7,7,Murphys
95248,5,3,0,0,0,0,0,
95249,54,14,0,0,0,0,0,
95251,10,3,0,0,0,0,0,
95252,287,65,1,0,12,12,0,Valley Springs
95253,6,3,0,0,0,0,0,
95254,23,10,0,0,0,0,0,
95255,12,5,0,0,0,0,0,
95257,8,2,0,0,0,0,0,
95258,114,30,0,0,0,0,0,
95261,1,1,1,4,0,4,0,Oakdale
95267,9,1,0,0,0,0,0,
95269,16,3,0,0,0,0,0,
95301,707,161,4,9,18,27,0,Atwater
95303,17,5,0,0,0,0,0,
95304,786,224,8,12,19,31,9,Tracy
95305,3,1,1,10,0,10,0,Milpitas
95306,21,7,0,0,0,0,0,
95307,849,137,4,8,0,8,0,Ceres
95309,4,0,0,0,0,0,0,
95310,50,24,0,0,0,0,0,
95311,28,3,0,0,0,0,0,
95313,24,2,0,0,0,0,0,
95315,192,35,2,6,4,10,5,Delhi
95316,160,48,0,0,0,0,0,
95317,7,6,0,0,0,0,0,
95318,15,4,2,2,8,10,0,El Portal
95319,12,2,1,2,0,2,0,Empire
95320,257,57,2,6,0,6,0,Escalon
95321,144,39,11,11,19,30,10,Groveland
95322,133,33,5,1,68,69,12,Gustine
95323,18,8,0,0,0,0,0,
95324,130,22,0,0,0,0,0,
95325,1,0,0,0,0,0,0,
95326,294,56,2,2,2,4,0,Independence
95327,90,15,4,6,1,7,5,Jamestown
95328,97,16,0,0,0,0,0,
95329,48,17,0,0,0,0,0,
95330,3180,367,17,21,28,49,3,Lathrop
95333,21,4,0,0,0,0,0,
95334,347,56,1,0,12,12,0,Livingston
95335,8,3,0,0,0,0,0,
95336,1213,259,10,13,26,39,16,Manteca
95337,2989,428,42,66,40,106,20,Manteca
95338,194,57,3,4,12,16,2,Mariposa
95340,780,182,6,28,32,60,2,Merced
95341,390,69,4,7,0,7,0,Merced
95343,9,4,3,4,0,4,1,Merced
95344,12,1,0,0,0,0,0,
95345,10,1,1,3,0,3,3,Midpines
95346,26,0,0,0,0,0,0,
95347,1,0,0,0,0,0,0,
95348,664,123,4,7,1,8,5,Merced
95350,991,220,3,8,0,8,4,Modesto
95351,535,126,3,4,8,12,0,Modesto
95352,16,4,0,0,0,0,0,
95353,6,2,0,0,0,0,0,
95354,452,112,12,19,24,43,1,Modesto
95355,1658,345,6,2,5,7,0,Modesto
95356,1361,312,13,21,61,82,17,Modesto
95357,265,58,0,0,0,0,0,
95358,424,89,4,26,0,26,2,Modesto
95360,244,58,0,0,0,0,0,
95361,783,175,7,10,3,13,3,Oakdale
95363,1148,224,6,4,40,44,12,Patterson
95364,6,1,0,0,0,0,0,
95365,40,9,0,0,0,0,0,
95366,663,150,4,0,20,20,0,Ripon
95367,575,102,0,0,0,0,0,
95368,335,51,0,0,0,0,0,
95369,16,2,0,0,0,0,0,
95370,494,120,7,13,8,21,2,Sonora
95372,47,9,0,0,0,0,0,
95373,1,0,0,0,0,0,0,
95374,24,4,0,0,0,0,0,
95375,2,0,0,0,0,0,0,
95376,1818,426,17,30,24,54,2,Tracy
95377,3876,615,17,38,6,44,0,Tracy
95378,23,5,0,0,0,0,0,
95379,44,7,1,8,0,8,8,Tuolumne
95380,833,167,17,26,28,54,7,Turlock
95381,25,3,0,0,0,0,0,
95382,1364,263,4,9,0,9,9,Turlock
95383,93,21,1,2,0,2,2,Twain Harte
95385,4,1,0,0,0,0,0,
95386,171,40,1,2,0,2,2,Waterford
95387,15,1,2,0,4,4,0,Westley
95388,141,31,0,0,0,0,0,
95389,33,2,9,79,0,79,1,Yosemite National Park
95391,4304,1019,1,12,0,12,12,Mountain House
95401,1231,489,20,32,32,64,50,Santa Rosa
95402,40,18,1,1,0,1,0,Santa Rosa
95403,2223,640,29,97,6,103,20,Santa Rosa
95404,2671,890,11,21,0,21,11,Santa Rosa
95405,1248,523,4,7,0,7,5,Santa Rosa
95406,14,4,0,0,0,0,0,
95407,1097,349,30,58,10,68,12,Santa Rosa
95409,1771,599,1,2,0,2,0,Santa Rosa
95410,61,28,0,0,0,0,0,
95412,9,5,1,2,0,2,0,Annapolis
95413,2,0,0,0,0,0,0,
95415,40,15,1,6,0,6,0,Boonville
95416,10,7,0,0,0,0,0,
95418,6,0,0,0,0,0,0,
95419,16,7,0,0,0,0,0,
95420,30,15,0,0,0,0,0,
95421,63,28,0,0,0,0,0,
95422,167,33,1,3,0,3,0,Clearlake
95423,49,20,1,3,0,3,3,Clearlake Oaks
95424,4,0,0,0,0,0,0,
95425,400,175,5,6,2,8,2,Cloverdale
95426,51,17,0,0,0,0,0,
95427,19,13,0,0,0,0,0,
95428,13,6,0,0,0,0,0,
95429,3,0,0,0,0,0,0,
95430,5,4,0,0,0,0,0,
95431,3,2,0,0,0,0,0,
95432,20,9,2,3,0,3,3,Elk
95433,8,3,0,0,0,0,0,
95435,0,1,0,0,0,0,0,
95436,325,136,5,9,0,9,3,Forestville
95437,374,174,10,15,14,29,5,Fort Bragg
95438,0,0,1,2,0,2,2,Fulton
95439,18,13,2,3,0,3,3,Fulton
95441,119,52,5,9,8,17,7,Geyserville
95442,242,85,5,7,1,8,4,Glen Ellen
95443,3,1,0,0,0,0,0,
95444,83,38,0,0,0,0,0,
95445,148,73,0,0,0,0,0,
95446,249,92,3,7,0,7,5,Guerneville
95448,1315,489,52,101,6,107,47,Healdsburg
95449,43,17,3,7,2,9,5,Hopland
95450,27,12,3,6,0,6,6,Jenner
95451,232,77,1,1,0,1,0,Kelseyville
95452,120,53,2,1,2,3,1,Kenwood
95453,235,64,3,6,0,6,2,Lakeport
95454,36,7,4,2,10,12,10,Laytonville
95456,46,25,6,12,0,12,8,Little River
95457,51,22,0,0,0,0,0,
95458,35,10,0,0,0,0,0,
95459,28,10,0,0,0,0,0,
95460,170,81,7,25,0,25,25,Mendocino
95461,91,29,4,8,0,8,3,Middletown
95462,67,27,2,3,0,3,0,Monte Rio
95463,9,7,0,0,0,0,0,
95464,34,12,0,0,0,0,0,
95465,163,86,1,2,0,2,2,Occidental
95466,42,18,5,8,1,9,7,Philo
95467,247,80,0,0,0,0,0,
95468,56,29,2,7,0,7,2,Point Arena
95469,22,7,0,0,0,0,0,
95470,137,60,2,10,0,10,0,Redwood Valley
95471,6,6,0,0,0,0,0,
95472,2433,1107,12,16,14,30,9,Sebastopol
95473,31,15,1,19,0,19,0,Rutherford
95476,2100,823,20,28,17,45,18,Sonoma
95480,3,2,0,0,0,0,0,
95481,9,4,0,0,0,0,0,
95482,738,236,37,76,24,100,19,Ukiah
95484,1,0,0,0,0,0,0,
95485,24,8,2,2,8,10,2,Upper Lake
95486,6,4,0,0,0,0,0,
95487,11,6,0,0,0,0,0,
95488,7,6,0,0,0,0,0,
95490,221,82,6,10,6,16,10,Willits
95492,1427,506,15,30,12,42,21,Windsor
95493,3,1,0,0,0,0,0,
95494,9,3,0,0,0,0,0,
95496,0,1,0,0,0,0,0,
95497,80,43,4,8,0,8,3,Sea Ranch
95501,467,150,17,36,26,62,29,Eureka
95502,37,15,0,0,0,0,0,
95503,580,242,4,5,4,9,1,Eureka
95514,2,0,0,0,0,0,0,
95518,30,17,0,0,0,0,0,
95519,638,283,4,6,8,14,2,McKinleyville
95521,570,268,16,26,14,40,2,Arcata
95524,134,71,0,0,0,0,0,
95525,58,31,9,17,0,17,3,Blue Lake
95526,2,2,0,0,0,0,0,
95527,6,0,0,0,0,0,0,
95528,14,9,0,0,0,0,0,
95531,211,66,9,11,20,31,16,Crescent City
95534,1,2,0,0,0,0,0,
95536,50,18,4,5,0,5,5,Ferndale
95537,5,3,0,0,0,0,0,
95538,0,1,0,0,0,0,0,
95540,261,112,10,16,8,24,5,Fortuna
95542,39,19,5,5,5,10,5,Garberville
95543,16,8,0,0,0,0,0,
95545,4,1,0,0,0,0,0,
95546,15,0,6,40,8,48,12,Hoopa
95547,30,18,0,0,0,0,0,
95548,7,5,3,2,2,4,3,Klamath
95549,53,29,0,0,0,0,0,
95550,3,0,0,0,0,0,0,
95551,30,11,4,4,2,6,0,Loleta
95552,2,0,0,0,0,0,0,
95553,10,4,1,2,2,4,0,Miranda
95554,2,3,0,0,0,0,0,
95555,5,2,1,0,2,2,0,Orick
95556,4,1,1,2,0,2,0,Orleans
95558,6,4,0,0,0,0,0,
95559,2,0,0,0,0,0,0,
95560,32,15,1,2,0,2,0,Redway
95562,31,16,1,2,0,2,2,Rio Dell
95563,3,2,0,0,0,0,0,
95564,16,5,0,0,0,0,0,
95565,5,5,0,0,0,0,0,
95567,23,11,3,3,3,6,2,Smith River
95569,2,0,0,0,0,0,0,
95570,166,91,2,4,0,4,4,Trinidad
95571,6,4,0,0,0,0,0,
95573,37,14,2,2,1,3,2,Willow Creek
95585,3,1,1,1,2,3,0,Leggett
95587,3,1,0,0,0,0,0,
95589,23,10,1,4,0,4,0,Whitethorn
95595,0,1,0,0,0,0,0,
95600,1,0,0,0,0,0,0,
95601,20,5,2,4,0,4,0,Amador City
95602,694,205,0,0,0,0,0,
95603,1134,365,29,30,49,79,7,Auburn
95604,32,11,0,0,0,0,0,
95605,523,159,13,19,17,36,0,West Sacramento
95606,14,4,2,8,0,8,8,Brooks
95607,11,4,0,0,0,0,0,
95608,2687,730,12,24,32,56,1,Carmichael
95609,11,4,0,0,0,0,0,
95610,1372,280,5,15,18,33,1,Citrus Heights
95611,8,3,0,0,0,0,0,
95612,45,10,0,0,0,0,0,
95613,16,8,0,0,0,0,0,
95614,151,47,0,0,0,0,0,
95615,16,5,0,0,0,0,0,
95616,2709,938,34,110,26,136,73,Davis
95617,25,14,0,0,0,0,0,
95618,2051,778,14,21,18,39,12,Davis
95619,69,22,0,0,0,0,0,
95620,869,168,7,8,14,22,2,Dixon
95621,1027,209,7,44,6,50,6,Citrus Heights
95623,115,47,0,0,0,0,0,
95624,3755,800,4,1,18,19,1,Elk Grove
95625,7,0,0,0,0,0,0,
95626,172,47,0,0,0,0,0,
95627,61,15,5,9,0,9,0,Esparto
95628,2230,628,7,12,0,12,4,Fair Oaks
95629,25,21,0,0,0,0,0,
95630,7637,1675,57,161,66,227,48,Folsom
95631,150,41,0,0,0,0,0,
95632,817,173,5,4,24,28,6,Galt
95633,73,28,0,0,0,0,0,
95634,44,12,1,2,0,2,0,Georgetown
95635,21,8,0,0,0,0,0,
95636,7,9,0,0,0,0,0,
95637,15,2,0,0,0,0,0,
95638,68,23,0,0,0,0,0,
95639,13,1,0,0,0,0,0,
95640,203,52,1,4,0,4,0,Lone
95641,32,17,0,0,0,0,0,
95642,142,36,3,5,8,13,12,Jackson
95645,14,7,2,4,0,4,0,Knights Landing
95646,6,1,4,14,0,14,8,Kirkwood
95648,3521,690,23,47,8,55,13,Lincoln
95650,957,295,2,4,8,12,0,Loomis
95651,34,13,1,3,0,3,3,Lotus
95652,238,134,5,10,0,10,8,McClellan Park
95653,2,0,0,0,0,0,0,
95655,247,50,0,0,0,0,0,
95656,11,7,0,0,0,0,0,
95658,390,105,1,1,0,1,0,Newcastle
95659,10,3,0,0,0,0,0,
95660,643,124,2,1,3,4,0,North Highland
95661,1879,526,15,64,19,83,6,Roseville
95662,1064,300,1,0,2,2,0,Orangevale
95663,192,50,0,0,0,0,0,
95664,62,21,0,0,0,0,0,
95665,71,13,0,0,0,0,0,
95666,93,24,0,0,0,0,0,
95667,983,360,30,70,34,104,45,Placerville
95668,28,5,0,0,0,0,0,
95669,83,23,4,9,0,9,9,Plymouth
95670,2397,526,24,65,30,95,0,Rancho Cordova
95672,247,63,0,0,0,0,0,
95673,400,100,0,0,0,0,0,
95674,15,2,0,0,0,0,0,
95675,0,2,0,0,0,0,0,
95676,4,0,0,0,0,0,0,
95677,1698,456,24,34,64,98,21,Rocklin
95678,1783,454,35,54,85,139,42,Roseville
95679,4,4,0,0,0,0,0,
95680,3,0,0,0,0,0,0,
95681,16,8,0,0,0,0,0,
95682,1260,392,3,6,12,18,6,Cameron Park
95683,462,88,3,3,16,19,3,Rancho Murieta
95684,77,16,4,5,0,5,2,Somerset
95685,153,39,4,8,0,8,8,Sutter Creek
95686,16,4,0,0,0,0,0,
95687,2452,582,23,34,42,76,32,Vacaville
95688,1568,478,21,33,58,91,17,Vacaville
95689,28,10,0,0,0,0,0,
95690,68,15,0,0,0,0,0,
95691,1969,500,20,25,10,35,4,West Sacramento
95692,99,17,0,0,0,0,0,
95693,329,87,0,0,0,0,0,
95694,386,109,4,9,0,9,3,Winters
95695,831,218,19,42,8,50,7,Woodland
95696,10,11,0,0,0,0,0,
95697,4,1,0,0,0,0,0,
95698,6,1,0,0,0,0,0,
95699,4,1,0,0,0,0,0,
95701,27,4,0,0,0,0,0,
95703,51,20,0,0,0,0,0,
95709,138,27,0,0,0,0,0,
95712,11,2,0,0,0,0,0,
95713,245,75,5,2,16,18,2,Colfax
95714,8,0,0,0,0,0,0,
95715,2,1,0,0,0,0,0,
95717,5,1,0,0,0,0,0,
95720,2,2,0,0,0,0,0,
95722,289,106,0,0,0,0,0,
95724,6,2,0,0,0,0,0,
95726,162,40,5,3,15,18,3,Pollock Pines
95728,32,7,5,4,14,18,4,Soda Springs
95735,3,0,1,2,0,2,0,Twin Bridges
95736,23,5,0,0,0,0,0,
95741,23,4,0,0,0,0,0,
95742,2426,339,6,8,22,30,0,Rancho Cordova
95746,2348,757,6,8,8,16,3,Granite Bay
95747,7800,1187,8,14,14,28,4,Roseville
95757,5102,845,109,202,10,212,4,Elk Grove
95758,3355,698,16,25,47,72,27,Elk Grove
95759,13,4,0,0,0,0,0,
95762,5069,1575,11,17,14,31,8,El Dorado Hills
95763,28,10,0,0,0,0,0,
95765,3394,862,7,6,9,15,0,Rocklin
95776,1295,263,12,16,46,62,24,Woodland
95798,1,3,0,0,0,0,0,
95811,608,231,48,99,0,99,13,Sacramento
95812,47,5,0,0,0,0,0,
95813,3,1,0,0,0,0,0,
95814,721,645,146,333,34,367,46,Sacramento
95815,444,98,18,64,72,136,24,Sacramento
95816,2563,553,11,19,6,25,2,Sacramento
95817,505,150,57,185,8,193,74,Sacramento
95818,1723,543,2,0,12,12,6,Sacramento
95819,1365,417,8,43,0,43,15,Sacramento
95820,813,190,14,46,4,50,0,Sacramento
95821,1118,246,4,7,0,7,0,Sacramento
95822,1467,405,13,32,8,40,10,Sacramento
95823,1379,192,12,16,54,70,0,Sacramento
95824,441,62,1,5,0,5,0,Sacramento
95825,978,240,5,44,14,58,0,Sacramento
95826,1122,276,13,25,20,45,5,Sacramento
95827,807,195,26,44,12,56,8,Sacramento
95828,2030,311,4,6,6,12,2,Sacramento
95829,2395,362,2,3,0,3,0,Sacramento
95830,48,11,0,0,0,0,0,
95831,2199,612,4,10,0,10,0,Sacramento
95832,265,45,4,6,28,34,0,Sacramento
95833,1433,306,36,102,12,114,7,Sacramento
95834,2917,860,30,59,42,101,10,Sacramento
95835,3272,637,17,61,0,61,0,Sacramento
95837,26,10,3,4,8,12,4,Sacramento
95838,751,128,5,9,3,12,0,Sacramento
95841,582,132,6,54,14,68,14,Sacramento
95842,845,159,4,2,20,22,2,Sacramento
95843,2148,313,1,1,0,1,1,Antelope
95851,5,0,0,0,0,0,0,
95852,9,6,0,0,0,0,0,
95853,2,1,0,0,0,0,0,
95860,6,6,0,0,0,0,0,
95864,1732,515,2,3,0,3,1,Sacramento
95865,14,9,0,0,0,0,0,
95866,4,5,0,0,0,0,0,
95883,0,1,0,0,0,0,0,
95899,28,5,0,0,0,0,0,
95901,516,109,4,4,12,16,0,Marysville
95903,39,6,0,0,0,0,0,
95910,1,0,0,0,0,0,0,
95912,59,14,0,0,0,0,0,
95913,3,3,0,0,0,0,0,
95914,11,4,0,0,0,0,0,
95916,3,3,0,0,0,0,0,
95917,38,6,0,0,0,0,0,
95918,61,15,0,0,0,0,0,
95919,8,3,0,0,0,0,0,
95920,6,2,0,0,0,0,0,
95922,3,0,0,0,0,0,0,
95924,6,2,0,0,0,0,0,
95925,2,1,0,0,0,0,0,
95926,686,204,3,4,1,5,2,Chico
95927,22,3,0,0,0,0,0,
95928,907,259,35,80,36,116,31,Chico
95930,3,1,0,0,0,0,0,
95932,69,13,1,8,0,8,0,Colusa
95934,4,0,0,0,0,0,0,
95935,8,3,0,0,0,0,0,
95936,5,1,2,2,0,2,1,Downieville
95937,16,5,6,2,65,67,6,Dunnigan
95938,90,29,0,0,0,0,0,
95941,5,3,0,0,0,0,0,
95942,42,17,0,0,0,0,0,
95943,8,1,0,0,0,0,0,
95945,605,182,12,20,2,22,4,Grass Valley
95946,355,98,0,0,0,0,0,
95947,9,5,0,0,0,0,0,
95948,104,25,1,0,2,2,0,Gridley
95949,601,210,1,0,12,12,0,Grass Valley
95950,4,1,0,0,0,0,0,
95951,25,3,0,0,0,0,0,
95953,164,22,0,0,0,0,0,
95954,77,17,0,0,0,0,0,
95955,10,0,0,0,0,0,0,
95956,6,4,0,0,0,0,0,
95957,6,2,0,0,0,0,0,
95959,796,303,1,4,0,4,0,Nevada City
95960,23,7,0,0,0,0,0,
95961,911,111,1,1,0,1,0,Olivehurst
95962,30,12,2,9,0,9,0,Oregon House
95963,153,35,2,0,8,8,4,Orland
95965,183,50,3,5,8,13,0,Oroville
95966,294,80,1,3,0,3,3,Oroville
95967,6,2,0,0,0,0,0,
95968,10,0,0,0,0,0,0,
95969,235,42,2,3,8,11,0,Paradise
95970,3,1,0,0,0,0,0,
95971,64,19,3,4,8,12,0,Quincy
95972,1,0,0,0,0,0,0,
95973,916,224,3,4,1,5,0,Chico
95974,3,0,0,0,0,0,0,
95975,58,22,0,0,0,0,0,
95977,40,18,0,0,0,0,0,
95978,1,0,0,0,0,0,0,
95979,5,3,0,0,0,0,0,
95982,44,10,0,0,0,0,0,
95983,7,2,0,0,0,0,0,
95984,1,0,0,0,0,0,0,
95987,52,10,4,2,21,23,14,Williams
95988,74,25,1,0,4,4,4,Willows
95991,593,132,3,9,6,15,4,Yuba City
95992,15,3,0,0,0,0,0,
95993,952,183,2,2,10,12,10,Yuba City
96001,830,197,14,26,12,38,0,Redding
96002,588,131,34,45,80,125,9,Redding
96003,791,172,6,19,20,39,0,Redding
96006,3,0,0,0,0,0,0,
96007,210,41,4,2,13,15,4,Anderson
96008,23,8,0,0,0,0,0,
96009,1,0,0,0,0,0,0,
96010,2,0,0,0,0,0,0,
96011,1,1,0,0,0,0,0,
96012,1,0,0,0,0,0,0,
96013,16,2,1,0,8,8,0,Burney
96014,1,1,0,0,0,0,0,
96015,5,0,0,0,0,0,0,
96016,1,0,0,0,0,0,0,
96017,4,1,0,0,0,0,0,
96019,118,29,0,0,0,0,0,
96020,15,6,0,0,0,0,0,
96021,122,36,8,41,20,61,38,Corning
96022,211,51,1,0,12,12,0,Cottonwood
96023,1,0,0,0,0,0,0,
96024,20,8,0,0,0,0,0,
96025,20,3,3,4,1,5,4,Dunsmuir
96027,13,1,0,0,0,0,0,
96028,8,1,0,0,0,0,0,
96029,1,1,0,0,0,0,0,
96031,1,0,0,0,0,0,0,
96032,19,6,0,0,0,0,0,
96033,2,0,0,0,0,0,0,
96034,3,0,0,0,0,0,0,
96035,20,8,0,0,0,0,0,
96037,2,1,0,0,0,0,0,
96038,4,0,0,0,0,0,0,
96039,1,1,0,0,0,0,0,
96040,3,1,0,0,0,0,0,
96041,12,5,0,0,0,0,0,
96044,9,1,0,0,0,0,0,
96046,3,1,0,0,0,0,0,
96047,15,4,0,0,0,0,0,
96048,9,2,0,0,0,0,0,
96049,11,5,0,0,0,0,0,
96050,1,1,0,0,0,0,0,
96051,18,5,2,2,1,3,1,Lakehead
96052,22,7,1,2,0,2,2,Lewiston
96055,30,8,0,0,0,0,0,
96056,12,3,0,0,0,0,0,
96057,14,2,0,0,0,0,0,
96058,3,0,0,0,0,0,0,
96059,4,0,0,0,0,0,0,
96061,2,0,0,0,0,0,0,
96062,23,12,0,0,0,0,0,
96063,1,0,2,4,0,4,2,Mineral
96064,33,4,0,0,0,0,0,
96065,2,3,0,0,0,0,0,
96067,173,51,11,12,37,49,24,Mount Shasta
96069,18,12,0,0,0,0,0,
96073,131,34,1,4,0,4,0,Palo Cedro
96075,3,2,0,0,0,0,0,
96076,1,0,0,0,0,0,0,
96078,2,1,0,0,0,0,0,
96080,308,75,13,11,28,39,11,Red Bluff
96084,7,1,0,0,0,0,0,
96085,1,0,0,0,0,0,0,
96087,13,0,0,0,0,0,0,
96088,60,13,1,2,0,2,2,Shingletown
96089,2,1,0,0,0,0,0,
96090,4,0,0,0,0,0,0,
96091,6,3,2,2,0,2,2,Coffee Creek
96092,5,3,0,0,0,0,0,
96093,52,16,1,0,8,8,0,Weaverville
96094,98,15,6,2,37,39,0,Weed
96096,11,5,0,0,0,0,0,
96097,64,12,7,4,26,30,5,Yreka
96099,13,6,0,0,0,0,0,
96101,25,1,2,2,8,10,2,Alturas
96103,16,1,2,4,0,4,4,Graeagle
96104,3,0,0,0,0,0,0,
96105,2,0,0,0,0,0,0,
96106,11,1,1,2,0,2,2,Clio
96107,6,1,1,0,4,4,0,Coleville
96108,1,0,0,0,0,0,0,
96109,7,0,0,0,0,0,0,
96111,3,1,0,0,0,0,0,
96113,1,0,0,0,0,0,0,
96114,19,4,0,0,0,0,0,
96115,0,0,1,2,0,2,2,Lake City
96117,2,1,0,0,0,0,0,
96118,15,0,1,1,0,1,0,Loyalton
96119,1,0,0,0,0,0,0,
96120,31,7,2,4,0,4,4,Hope Valley
96121,1,0,0,0,0,0,0,
96122,33,4,1,0,8,8,0,Portola
96124,5,1,0,0,0,0,0,
96125,8,0,0,0,0,0,0,
96126,5,2,0,0,0,0,0,
96127,1,0,0,0,0,0,0,
96128,2,0,0,0,0,0,0,
96129,2,2,0,0,0,0,0,
96130,63,6,5,7,8,15,4,Susanville
96133,2,1,0,0,0,0,0,
96134,5,1,1,2,0,2,0,Tulelake
96137,28,8,0,0,0,0,0,
96140,62,16,0,0,0,0,0,
96141,19,1,0,0,0,0,0,
96142,23,9,0,0,0,0,0,
96143,57,7,0,0,0,0,0,
96145,167,40,8,12,6,18,8,Tahoe City
96146,68,22,3,23,0,23,11,Olympic Valley
96148,39,7,1,2,0,2,2,Tahoe Vista
96150,505,102,21,53,38,91,24,South Lake Tahoe
96151,17,7,0,0,0,0,0,
96155,8,0,0,0,0,0,0,
96158,22,4,0,0,0,0,0,
96160,49,7,0,0,0,0,0,
96161,1110,238,27,44,59,103,45,Truckee
96162,34,1,0,0,0,0,0,
